timestamp,raw_hex
2026-07-22 00:00:06,3D 00 36 01 1D 0C 62 0E 00 06 FA 00 00 00 00 FF 6A 00 00 00 00 00 00 FF B0 00 00 00 00 00 01 00 00 00 00 00 00 00 00 00 00 00 00 00 00 00 00 00 00 00 00 00 00 00 00 00 37 46 00 03 00 00 14 00 00 00 00 00 00 00 00 00 00 04 00 F9 FF 20 1C 00 00 00 00 00 3C 00 58 02 00 00 00 00 00 00 64 00 00 00 00 32 00 FF CD 00 05 00 3C 00 1E 00 46 00 28 00 00 00 00 00 00 00 00 00 08 08 18 00 00 00 00 00 00 00 00 00 00 00 00 00 00 00 00 00 00 00 68 01 00 00 00 00 00 00 00 00 4B 00 00 00 00 00 00 00 00 00 00 00 00 00 FF 38 00 FF 0B 00 EA FF 4C FF 24 FF 56 FF 2E 00 00 00 00 00 00 00 00 00 08 08 08 00 00 00 00 00 00 00 00 00 00 00 00 00 00 00 00 00 00 00 00 00 00 00 00 00 00 00 00 00 00 00 00 00
2026-07-22 00:10:06,3D 00 36 01 1D 0C 62 0E 00 5E FC 00 00 00 00 FF 60 00 00 00 00 00 00 FF C2 00 00 00 00 00 00 00 00 00 00 00 00 00 00 00 00 00 00 00 00 00 00 00 00 00 00 00 00 00 00 00 00 00 00 00 00 00 14 00 00 00 00 00 00 00 00 00 00 00 01 FF FF 20 1C 00 00 00 00 00 00 00 3A 07 00 00 00 00 00 00 64 00 00 00 00 41 00 00 19 00 05 00 3C 00 1E 00 46 00 28 00 00 00 00 00 00 00 00 00 08 08 18 00 00 00 00 00 00 00 00 00 00 00 00 00 00 00 00 00 00 00 68 01 00 00 00 00 00 00 00 00 00 00 00 00 00 00 00 00 00 00 00 00 00 00 FF 3F 00 FF 35 00 EA FF 4C FF 24 FF 56 FF 2E 00 00 00 00 00 00 00 00 00 08 08 08 00 00 00 00 00 00 00 00 00 00 00 00 00 00 00 00 00 00 00 00 00 00 00 00 00 00 00 00 00 00 00 00 00
2026-07-22 00:20:06,3D 00 36 01 1D 0C 62 0E 00 B6 FE 00 00 00 00 FF 74 00 00 00 00 00 00 FF 99 00 00 00 00 00 00 00 00 00 00 00 00 00 00 00 00 00 00 00 00 00 00 00 00 00 00 00 00 00 00 00 37 46 00 01 00 00 05 00 00 00 00 00 00 00 00 00 00 04 01 C9 FD 20 1C 00 00 00 00 00 3C 00 00 00 00 00 00 00 00 00 64 00 00 00 00 4B 00 FF 96 00 05 00 3C 00 1E 00 46 00 28 00 00 00 00 00 00 00 00 00 18 08 18 00 00 00 00 00 00 00 00 00 00 00 00 00 00 00 00 00 00 00 68 01 00 00 00 00 00 00 00 00 4B 00 00 00 00 00 00 00 00 00 00 00 00 00 FF 27 00 FE C0 00 EA FF 4C FF 24 FF 56 FF 2E 00 00 00 00 00 00 00 00 00 08 08 08 00 00 00 00 00 00 00 00 00 00 00 00 00 00 00 00 00 00 00 00 00 00 00 00 00 00 00 00 00 00 00 01 00
2026-07-22 00:30:06,3D 00 36 01 1D 0C 62 0E 00 0E 01 00 00 00 00 FF 65 00 00 00 00 00 00 FF C5 00 00 00 00 00 00 00 00 00 00 00 00 00 00 00 00 00 00 00 00 00 00 00 00 00 00 00 00 00 00 00 00 00 00 00 00 00 00 00 00 00 00 00 00 00 00 00 00 04 01 71 FB 20 1C 00 00 00 00 00 00 00 58 02 00 00 00 00 00 00 64 00 00 00 00 4D 00 00 3B 00 05 00 3C 00 1E 00 46 00 28 00 00 00 00 00 00 00 00 00 18 08 18 00 00 00 00 00 00 00 00 00 00 00 00 00 00 00 00 00 00 00 68 01 00 00 00 00 00 00 00 00 00 00 00 00 00 00 00 00 00 00 00 00 00 00 FF 28 00 FF 39 00 EA FF 4C FF 24 FF 56 FF 2E 00 00 00 00 00 00 00 00 00 08 08 08 00 00 00 00 00 00 00 00 00 00 00 00 00 00 00 00 00 00 00 00 00 00 00 00 00 00 00 00 00 00 00 01 00
2026-07-22 00:40:06,3D 00 36 01 1D 0C 62 0E 00 66 03 00 00 00 00 FF 66 00 00 00 00 00 00 FF D2 00 00 00 00 00 00 00 00 00 00 00 00 00 00 00 00 00 00 00 00 00 00 00 00 00 00 00 00 00 00 00 00 00 00 00 00 00 00 00 00 00 00 00 00 00 00 00 00 04 01 19 F9 20 1C 00 00 00 00 00 00 00 3A 07 00 00 00 00 00 00 64 00 00 00 00 50 00 00 4E 00 05 00 3C 00 1E 00 46 00 28 00 00 00 00 00 00 00 00 00 08 08 18 00 00 00 00 00 00 00 00 00 00 00 00 00 00 00 00 00 00 00 68 01 00 00 00 00 00 00 00 00 00 00 00 00 00 00 00 00 00 00 00 00 00 00 FF 3B 00 FF 4C 00 EA FF 4C FF 24 FF 56 FF 2E 00 00 00 00 00 00 00 00 00 08 08 08 00 00 00 00 00 00 00 00 00 00 00 00 00 00 00 00 00 00 00 00 00 00 00 00 00 00 00 00 00 00 00 01 00
2026-07-22 00:50:06,3D 00 36 01 1D 0C 62 0E 00 BE 05 00 00 00 00 FF 6E 00 00 00 00 00 00 FF C5 00 00 00 00 00 00 00 00 00 00 00 00 00 00 00 00 00 00 00 00 00 00 00 00 00 00 00 00 00 00 00 78 46 00 02 00 00 05 00 00 00 00 00 00 00 00 00 00 04 01 C1 F6 20 1C 00 00 00 00 00 28 00 00 00 00 00 00 00 00 00 64 00 00 00 00 4F 00 FC 19 01 05 00 3C 00 1E 00 46 00 28 00 00 00 00 00 00 00 00 00 08 08 18 00 00 00 00 00 00 00 00 00 00 00 00 00 00 00 00 00 00 00 68 01 00 00 00 00 00 00 00 00 5A 00 00 00 00 00 00 00 00 00 00 00 00 00 FF 43 00 FE F0 00 EA FF 4C FF 24 FF 56 FF 2E 00 00 00 00 00 00 00 00 00 08 08 18 00 00 00 00 00 00 00 00 00 00 00 00 00 00 00 00 00 00 00 00 00 00 00 00 00 00 00 00 00 00 00 01 00
2026-07-22 01:00:06,3D 00 36 01 1D 0C 62 0E 00 16 08 00 00 00 00 FF 64 00 00 00 00 00 00 FF C5 00 00 00 00 01 00 00 00 00 00 00 00 00 00 00 00 00 00 00 00 00 00 00 00 00 00 00 00 00 00 00 00 00 00 00 00 00 00 00 00 00 00 00 00 00 00 00 00 04 01 69 F4 20 1C 00 00 00 00 00 00 00 58 02 00 00 00 00 00 00 64 00 00 00 00 47 00 00 28 00 05 00 3C 00 1E 00 46 00 28 00 00 00 00 00 00 00 00 00 08 08 18 00 00 00 00 00 00 00 00 00 00 00 00 00 00 00 00 00 00 00 68 01 00 00 00 00 00 00 00 00 00 00 00 00 00 00 00 00 00 00 00 00 00 00 FF 23 00 FF 31 00 EA FF 4C FF 24 FF 56 FF 2E 00 00 00 00 00 00 00 00 00 08 08 08 00 00 00 00 00 00 00 00 00 00 00 00 00 00 00 00 00 00 00 00 00 00 00 00 00 00 00 00 00 00 00 03 00
2026-07-22 01:10:06,3D 00 36 01 1D 0C 62 0E 00 6E 0A 00 00 00 00 FF 61 00 00 00 00 00 00 FF D2 00 00 00 00 01 00 00 00 00 00 00 00 00 00 00 00 00 00 00 00 00 00 00 00 00 00 00 00 00 00 00 00 00 00 00 00 00 00 00 00 00 00 00 00 00 00 00 00 04 01 11 F2 20 1C 00 00 00 00 00 00 00 3A 07 00 00 00 00 00 00 64 00 00 00 00 4B 00 00 46 00 05 00 3C 00 1E 00 46 00 28 00 00 00 00 00 00 00 00 00 08 08 18 00 00 00 00 00 00 00 00 00 00 00 00 00 00 00 00 00 00 00 68 01 00 00 00 00 00 00 00 00 00 00 00 00 00 00 00 00 00 00 00 00 00 00 FF 35 00 FF 47 00 EA FF 4C FF 24 FF 56 FF 2E 00 00 00 00 00 00 00 00 00 08 08 08 00 00 00 00 00 00 00 00 00 00 00 00 00 00 00 00 00 00 00 00 00 00 00 00 00 00 00 00 00 00 00 01 00
2026-07-22 01:20:06,3D 00 36 01 1D 0C 62 0E 00 C6 0C 00 00 00 00 FF 69 00 00 00 00 00 00 FF D7 00 00 00 00 01 00 00 00 00 00 00 00 00 00 00 00 00 00 00 00 00 00 00 00 00 00 00 00 00 00 00 00 00 00 00 00 00 00 00 00 00 00 00 00 00 00 00 00 04 01 B9 EF 20 1C 00 00 00 00 00 00 00 00 00 00 00 00 00 00 00 64 00 00 00 00 4E 00 00 4B 00 05 00 3C 00 1E 00 46 00 28 00 00 00 00 00 00 00 00 00 08 08 18 00 00 00 00 00 00 00 00 00 00 00 00 00 00 00 00 00 00 00 68 01 00 00 00 00 00 00 00 00 00 00 00 00 00 00 00 00 00 00 00 00 00 00 FF 4A 00 FF 5A 00 EA FF 4C FF 24 FF 56 FF 2E 00 00 00 00 00 00 00 00 00 08 08 08 00 00 00 00 00 00 00 00 00 00 00 00 00 00 00 00 00 00 00 00 00 00 00 00 00 00 00 00 00 00 00 01 00
2026-07-22 01:30:06,3D 00 36 01 1D 0C 62 0E 00 1E 0F 00 00 00 00 FF 66 00 00 00 00 00 00 FF BD 00 00 00 00 00 00 00 00 00 00 00 00 00 00 00 00 00 00 00 00 00 00 00 00 00 00 00 00 00 00 00 00 00 00 00 00 00 00 00 00 00 00 00 00 00 00 00 00 04 01 61 ED 20 1C 00 00 00 00 00 00 00 58 02 00 00 00 00 00 00 64 00 00 00 00 42 00 00 04 00 05 00 3C 00 1E 00 46 00 28 00 00 00 00 00 00 00 00 00 08 08 18 00 00 00 00 00 00 00 00 00 00 00 00 00 00 00 00 00 00 00 68 01 00 00 00 00 00 00 00 00 00 00 00 00 01 00 00 00 00 00 00 00 00 00 FF 1D 00 FF 23 00 EA FF 4C FF 24 FF 56 FF 2E 00 00 00 00 00 00 00 00 00 18 08 08 00 00 00 00 00 00 00 00 00 00 00 00 00 00 00 00 00 00 00 00 00 00 00 00 00 00 00 00 00 00 00 01 00
2026-07-22 01:40:06,3D 00 36 01 1D 0C 62 0F 00 06 00 00 00 00 00 FF 60 00 00 00 00 00 00 FF D1 00 00 00 00 00 00 00 00 00 00 00 00 00 00 00 00 00 00 00 00 00 00 00 00 00 00 00 00 00 00 00 00 00 00 00 00 00 00 00 00 00 00 00 00 00 00 00 01 00 02 FF FF 20 1C 00 00 00 00 00 00 00 3A 07 00 00 00 00 00 00 64 00 00 00 00 52 00 00 40 00 05 00 3C 00 1E 00 46 00 28 00 00 00 00 00 00 00 00 00 08 08 18 00 00 00 00 00 00 00 00 00 00 00 00 00 00 00 00 00 00 00 68 01 00 00 00 00 00 00 00 00 00 00 00 00 00 00 00 00 00 00 00 00 00 00 FF 49 00 FF 42 00 EA FF 4C FF 24 FF 56 FF 2E 00 00 00 00 00 00 00 00 00 08 08 08 00 00 00 00 00 00 00 00 00 00 00 00 00 00 00 00 00 00 00 00 00 00 00 00 00 00 00 00 00 00 00 01 00
2026-07-22 01:50:06,3D 00 36 01 1D 0C 62 0F 00 5E 02 00 00 00 00 FF 77 00 00 00 00 00 00 FF 9D 00 00 00 00 00 00 00 00 00 00 00 00 00 00 00 00 00 00 00 00 00 00 00 00 00 00 00 00 00 00 00 37 46 00 02 00 00 05 00 00 00 00 00 00 00 00 00 01 04 02 C9 FD 20 1C 00 00 00 00 00 28 00 00 00 00 00 00 00 00 00 64 00 00 00 00 4F 00 FF 99 00 05 00 3C 00 1E 00 46 00 28 00 00 00 00 00 00 00 00 00 08 08 18 00 00 00 00 00 00 00 00 00 00 00 00 00 00 00 00 00 00 00 68 01 00 00 00 00 00 00 00 00 4B 00 00 00 00 00 00 00 00 00 00 00 00 00 FF 29 00 FE C1 00 EA FF 4C FF 24 FF 56 FF 2E 00 00 00 00 00 00 00 00 00 08 08 08 00 00 00 00 00 00 00 00 00 00 00 00 00 00 00 00 00 00 00 00 00 00 00 00 00 00 00 00 00 00 00 01 00
2026-07-22 02:00:06,3D 00 36 01 1D 0C 62 0F 00 B6 04 00 00 00 00 FF 67 00 00 00 00 00 00 FF C6 00 00 00 00 00 00 00 00 00 00 00 00 00 00 00 00 00 00 00 00 00 00 00 00 00 00 00 00 00 00 00 00 00 00 00 00 00 0C 00 00 00 00 00 00 00 00 00 00 04 02 71 FB 20 1C 00 00 00 00 00 00 00 58 02 00 01 00 00 00 00 64 00 00 00 00 50 00 00 3B 00 05 00 3C 00 1E 00 46 00 28 00 00 00 00 00 00 00 00 00 08 18 18 00 00 00 00 00 00 00 00 00 00 00 00 00 00 00 00 00 00 00 68 01 00 00 00 00 00 00 00 00 00 00 00 00 00 01 00 00 00 00 00 00 00 00 FF 2A 00 FF 41 00 EA FF 4C FF 24 FF 56 FF 2E 00 00 00 00 00 00 00 00 00 08 18 08 00 00 00 00 00 00 00 00 00 00 00 00 00 00 00 00 00 00 00 00 00 00 00 00 00 00 00 00 00 00 00 01 00
2026-07-22 02:10:06,3D 00 36 01 1D 0C 62 0F 00 0E 07 00 00 00 00 FF 82 00 00 00 00 00 00 FF D3 00 00 00 00 00 00 00 00 00 00 00 00 00 00 00 00 00 00 00 00 00 00 00 00 00 00 00 00 00 00 00 00 00 00 00 00 00 0C 00 00 00 00 00 00 00 00 00 00 04 02 19 F9 20 1C 00 00 00 00 00 00 00 3A 07 00 01 00 00 00 00 64 00 00 00 00 54 00 00 50 00 05 00 3C 00 1E 00 46 00 28 00 00 00 00 00 00 00 00 00 08 18 18 00 00 00 00 00 00 00 00 00 00 00 00 00 00 00 00 00 00 00 68 01 00 00 00 00 00 00 00 00 00 00 00 00 00 01 00 00 00 00 00 00 00 00 FF 9C 00 00 89 00 EA FF 4C FF 24 FF 56 FF 2E 00 00 00 00 00 00 00 00 00 08 18 08 00 00 00 00 00 00 00 00 00 00 00 00 00 00 00 00 00 00 00 00 00 00 00 00 00 00 00 00 00 00 00 01 00
2026-07-22 02:20:06,3D 00 36 01 1D 0C 62 0F 00 66 09 00 00 00 00 FF B0 00 00 00 00 00 00 FF D6 00 00 00 00 00 00 00 00 00 00 00 00 00 00 00 00 00 00 00 00 00 00 00 00 00 00 00 00 00 00 00 78 46 00 01 00 00 05 00 00 00 00 00 00 00 00 00 02 04 02 C1 F6 20 1C 00 00 00 00 00 3C 00 00 00 00 00 00 00 00 00 64 00 00 00 00 57 00 00 50 00 05 00 3C 00 1E 00 46 00 28 00 00 00 00 00 00 00 00 00 08 08 18 00 00 00 00 00 00 00 00 00 00 00 00 00 00 00 00 00 00 00 68 01 00 00 00 00 00 00 00 00 5A 00 00 00 00 00 00 00 00 00 00 00 00 00 FF C2 00 00 86 00 EA FF 4C FF 24 FF 56 FF 2E 00 00 00 00 00 00 00 00 00 08 08 08 00 00 00 00 00 00 00 00 00 00 00 00 00 00 00 00 00 00 00 00 00 00 00 00 00 00 00 00 00 00 00 01 00
2026-07-22 02:30:06,3D 00 36 01 1D 0C 62 0F 00 BE 0B 00 00 00 00 FF B6 00 00 00 00 00 00 FF 9E 00 00 00 00 00 00 00 00 00 00 00 00 00 00 00 00 00 00 00 00 00 00 00 00 00 00 00 00 00 00 00 78 46 00 02 00 00 05 00 00 00 00 00 00 00 00 00 02 04 02 69 F4 20 1C 00 00 00 00 00 28 00 58 02 00 00 00 00 00 00 64 00 00 00 00 3E 00 FF 9B 00 05 00 3C 00 1E 00 46 00 28 00 00 00 00 00 00 00 00 00 08 08 18 00 00 00 00 00 00 00 00 00 00 00 00 00 00 00 00 00 00 00 68 01 00 00 00 00 00 00 00 00 5A 00 00 00 00 00 00 00 00 00 00 00 00 00 FF 49 00 FE C1 00 EA FF 4C FF 24 FF 56 FF 2E 00 00 00 00 00 00 00 00 00 08 08 08 00 00 00 00 00 00 00 00 00 00 00 00 00 00 00 00 00 00 00 00 00 00 00 00 00 00 00 00 00 00 00 01 00
2026-07-22 02:40:06,3D 00 36 01 1D 0C 62 0F 00 16 0E 00 00 00 00 FF 8B 00 00 00 00 00 00 FF BB 00 00 00 00 00 00 00 00 00 00 00 00 00 00 00 00 00 00 00 00 00 00 00 00 00 00 00 00 00 00 00 00 00 00 00 00 00 00 00 00 00 00 00 00 00 00 00 00 06 02 11 F2 20 1C 00 00 00 00 00 00 00 3A 07 00 00 00 00 00 00 64 00 00 00 00 3B 00 00 16 00 05 00 3C 00 1E 00 46 00 28 00 00 00 00 00 00 00 00 00 08 08 18 00 00 00 00 00 00 00 00 00 00 00 00 00 00 00 00 00 00 00 68 01 00 00 00 00 00 00 00 00 00 00 00 00 00 00 00 00 00 00 00 00 00 00 FF 22 00 FF 31 00 EA FF 4C FF 24 FF 56 FF 2E 00 00 00 00 00 00 00 00 00 08 08 08 00 00 00 00 00 00 00 00 00 00 00 00 00 00 00 00 00 00 00 00 00 00 00 00 00 00 00 00 00 00 00 01 00
2026-07-22 02:50:06,3D 00 36 01 1D 0C 62 0F 00 6E 10 00 00 00 00 FF 77 00 00 00 00 00 00 FF CF 00 00 00 00 00 00 00 00 00 00 00 00 00 00 00 00 00 00 00 00 00 00 00 00 00 00 00 00 00 00 00 00 00 00 00 00 00 00 00 00 00 00 00 00 00 00 00 00 04 02 B9 EF 20 1C 00 00 00 00 00 00 00 00 00 00 00 00 00 00 00 64 00 00 00 00 3E 00 00 3B 00 05 00 3C 00 1E 00 46 00 28 00 00 00 00 00 00 00 00 00 08 08 18 00 00 00 00 00 00 00 00 00 00 00 00 00 00 00 00 00 00 00 68 01 00 00 00 00 00 00 00 00 00 00 00 00 00 00 00 00 00 00 00 00 00 00 FF 35 00 FF 47 00 EA FF 4C FF 24 FF 56 FF 2E 00 00 00 00 00 00 00 00 00 08 08 08 00 00 00 00 00 00 00 00 00 00 00 00 00 00 00 00 00 00 00 00 00 00 00 00 00 00 00 00 00 00 00 01 00
2026-07-22 03:00:06,3D 00 36 01 1D 0C 62 0E 00 C6 12 00 00 00 00 FF 75 00 00 00 00 00 00 FF D5 00 00 00 00 00 00 00 00 00 00 00 00 00 00 00 00 00 00 00 00 00 00 00 00 00 00 00 00 00 00 00 00 00 00 00 00 00 00 00 00 00 00 00 00 00 00 00 00 04 02 61 ED 20 1C 00 00 00 00 00 00 00 58 02 00 00 00 00 00 00 64 00 00 00 00 41 00 00 40 00 05 00 3C 00 1E 00 46 00 28 00 00 00 00 00 00 00 00 00 08 08 18 00 00 00 00 00 00 00 00 00 00 00 00 00 00 00 00 00 00 00 68 01 00 00 00 00 00 00 00 00 00 00 00 00 00 00 00 00 00 00 00 00 00 00 FF 4A 00 FF 5A 00 EA FF 4C FF 24 FF 56 FF 2E 00 00 00 00 00 00 00 00 00 08 08 08 00 00 00 00 00 00 00 00 00 00 00 00 00 00 00 00 00 00 00 00 00 00 00 00 00 00 00 00 00 00 00 01 00
2026-07-22 03:10:06,3D 00 36 01 1D 0C 62 0E 00 1E 15 00 00 00 00 FF 6E 00 00 00 00 00 00 FF BC 00 00 00 00 00 00 00 00 00 00 00 00 00 00 00 00 00 00 00 00 00 00 00 00 00 00 00 00 00 00 00 00 00 00 00 00 00 00 00 00 00 00 00 00 00 00 00 00 00 03 FF FF 20 1C 00 00 00 00 00 00 00 3A 07 00 00 00 00 00 00 64 00 00 00 00 48 00 FF FB 00 05 00 3C 00 1E 00 46 00 28 00 00 00 00 00 00 00 00 00 08 08 18 00 00 00 00 00 00 00 00 00 00 00 00 00 00 00 00 00 00 00 68 01 00 00 00 00 00 00 00 00 00 00 00 00 00 00 00 00 00 00 00 00 00 00 FF 38 00 FF 21 00 EA FF 4C FF 24 FF 56 FF 2E 00 00 00 00 00 00 00 00 00 08 08 08 00 00 00 00 00 00 00 00 00 00 00 00 00 00 00 00 00 00 00 00 00 00 00 00 00 00 00 00 00 00 00 01 00
2026-07-22 03:20:06,3D 00 36 01 1D 0C 62 0E 00 76 17 00 00 00 00 FF 79 00 00 00 00 00 00 FF 9A 00 00 00 00 00 00 00 00 00 00 00 00 00 00 00 00 00 00 00 00 00 00 00 00 00 00 00 00 00 00 00 00 00 00 00 00 00 00 00 00 00 00 00 00 00 00 00 00 04 03 C9 FD 20 1C 00 00 00 00 00 00 00 00 00 00 00 00 00 00 00 64 00 00 00 00 4D 00 FF 9B 00 05 00 3C 00 1E 00 46 00 28 00 00 00 00 00 00 00 00 00 18 08 18 00 00 00 00 00 00 00 00 00 00 00 00 00 00 00 00 00 00 00 68 01 00 00 00 00 00 00 00 00 00 00 00 00 00 00 00 00 00 00 00 00 00 00 FF 23 00 FE CA 00 EA FF 4C FF 24 FF 56 FF 2E 00 00 00 00 00 00 00 00 00 08 08 08 00 00 00 00 00 00 00 00 00 00 00 00 00 00 00 00 00 00 00 00 00 00 00 00 00 00 00 00 00 00 00 01 00
2026-07-22 03:30:06,3D 00 36 01 1D 0C 62 0E 00 CE 19 00 00 00 00 FF 69 00 00 00 00 00 00 FF C4 00 00 00 00 00 00 00 00 00 00 00 00 00 00 00 00 00 00 00 00 00 00 00 00 00 00 00 00 00 00 00 00 00 00 00 00 00 00 00 00 00 00 00 00 00 00 00 00 04 03 71 FB 20 1C 00 00 00 00 00 00 00 58 02 00 00 00 00 00 00 64 00 00 00 00 4F 00 00 3E 00 05 00 3C 00 1E 00 46 00 28 00 00 00 00 00 00 00 00 00 18 08 18 00 00 00 00 00 00 00 00 00 00 00 00 00 00 00 00 00 00 00 68 01 00 00 00 00 00 00 00 00 00 00 00 00 00 00 00 00 00 00 00 00 00 00 FF 29 00 FF 39 00 EA FF 4C FF 24 FF 56 FF 2E 00 00 00 00 00 00 00 00 00 08 08 08 00 00 00 00 00 00 00 00 00 00 00 00 00 00 00 00 00 00 00 00 00 00 00 00 00 00 00 00 00 00 00 01 00
2026-07-22 03:40:06,3D 00 36 01 1D 0C 62 0E 00 26 1C 00 00 00 00 FF 67 00 00 00 00 00 00 FF D2 00 00 00 00 00 00 00 00 00 00 00 00 00 00 00 00 00 00 00 00 00 00 00 00 00 00 00 00 00 00 00 00 00 00 00 00 00 00 00 00 00 00 00 00 00 00 00 00 04 03 19 F9 20 1C 00 00 00 00 00 00 00 3A 07 00 00 00 00 00 00 64 00 00 00 00 54 00 00 50 00 05 00 3C 00 1E 00 46 00 28 00 00 00 00 00 00 00 00 00 08 08 18 00 00 00 00 00 00 00 00 00 00 00 00 00 00 00 00 00 00 00 68 01 00 00 00 00 00 00 00 00 00 00 00 00 00 00 00 00 00 00 00 00 00 00 FF 3C 00 FF 4E 00 EA FF 4C FF 24 FF 56 FF 2E 00 00 00 00 00 00 00 00 00 08 08 08 00 00 00 00 00 00 00 00 00 00 00 00 00 00 00 00 00 00 00 00 00 00 00 00 00 00 00 00 00 00 00 01 00
2026-07-22 03:50:06,3D 00 36 01 1D 0C 62 0E 00 7E 1E 00 00 00 00 FF 6F 00 00 00 00 00 00 FF C3 00 00 00 00 00 00 00 00 00 00 00 00 00 00 00 00 00 00 00 00 00 00 00 00 00 00 00 00 00 00 00 37 46 00 02 00 00 05 00 00 00 00 00 00 00 00 00 00 04 03 C1 F6 20 1C 00 00 00 00 00 28 00 00 00 00 00 00 00 00 00 64 00 00 00 00 4E 00 FC 19 01 05 00 3C 00 1E 00 46 00 28 00 00 00 00 00 00 00 00 00 08 08 18 00 00 00 00 00 00 00 00 00 00 00 00 00 00 00 00 00 00 00 68 01 00 00 00 00 00 00 00 00 4B 00 00 00 00 00 00 00 00 00 00 00 00 00 FF 41 00 FE E4 00 EA FF 4C FF 24 FF 56 FF 2E 00 00 00 00 00 00 00 00 00 08 08 18 00 00 00 00 00 00 00 00 00 00 00 00 00 00 00 00 00 00 00 00 00 00 00 00 00 00 00 00 00 00 00 01 00
2026-07-22 04:00:06,3D 00 36 01 1D 0C 62 0E 00 D6 20 00 00 00 00 FF 64 00 00 00 00 00 00 FF C6 00 00 00 00 01 00 00 00 00 00 00 00 00 00 00 00 00 00 00 00 00 00 00 00 00 00 00 00 00 00 00 00 00 00 00 00 00 00 00 00 00 00 00 00 00 00 00 00 04 03 69 F4 20 1C 00 00 00 00 00 00 00 58 02 00 00 00 00 00 00 64 00 00 00 00 49 00 00 2D 00 05 00 3C 00 1E 00 46 00 28 00 00 00 00 00 00 00 00 00 08 08 18 00 00 00 00 00 00 00 00 00 00 00 00 00 00 00 00 00 00 00 68 01 00 00 00 00 00 00 00 00 00 00 00 00 00 00 00 00 00 00 00 00 00 00 FF 24 00 FF 34 00 EA FF 4C FF 24 FF 56 FF 2E 00 00 00 00 00 00 00 00 00 08 08 08 00 00 00 00 00 00 00 00 00 00 00 00 00 00 00 00 00 00 00 00 00 00 00 00 00 00 00 00 00 00 00 03 00
2026-07-22 04:10:06,3D 00 36 01 1D 0C 62 0E 00 2E 23 00 00 00 00 FF 63 00 00 00 00 00 00 FF D2 00 00 00 00 01 00 00 00 00 00 00 00 00 00 00 00 00 00 00 00 00 00 00 00 00 00 00 00 00 00 00 00 00 00 00 00 00 00 00 00 00 00 00 00 00 00 00 00 04 03 11 F2 20 1C 00 00 00 00 00 00 00 3A 07 00 00 00 00 00 00 64 00 00 00 00 4D 00 00 48 00 05 00 3C 00 1E 00 46 00 28 00 00 00 00 00 00 00 00 00 08 08 18 00 00 00 00 00 00 00 00 00 00 00 00 00 00 00 00 00 00 00 68 01 00 00 00 00 00 00 00 00 00 00 00 00 00 00 00 00 00 00 00 00 00 00 FF 36 00 FF 48 00 EA FF 4C FF 24 FF 56 FF 2E 00 00 00 00 00 00 00 00 00 08 08 08 00 00 00 00 00 00 00 00 00 00 00 00 00 00 00 00 00 00 00 00 00 00 00 00 00 00 00 00 00 00 00 01 00
2026-07-22 04:20:06,3D 00 36 01 1D 0C 62 0E 00 86 25 00 00 00 00 FF 6B 00 00 00 00 00 00 FF D6 00 00 00 00 01 00 00 00 00 00 00 00 00 00 00 00 00 00 00 00 00 00 00 00 00 00 00 00 00 00 00 00 00 00 00 00 00 00 00 00 00 00 00 00 00 00 00 00 04 03 B9 EF 20 1C 00 00 00 00 00 00 00 00 00 00 00 00 00 00 00 64 00 00 00 00 50 00 00 4E 00 05 00 3C 00 1E 00 46 00 28 00 00 00 00 00 00 00 00 00 08 08 18 00 00 00 00 00 00 00 00 00 00 00 00 00 00 00 00 00 00 00 68 01 00 00 00 00 00 00 00 00 00 00 00 00 00 00 00 00 00 00 00 00 00 00 FF 4A 00 FF 5B 00 EA FF 4C FF 24 FF 56 FF 2E 00 00 00 00 00 00 00 00 00 08 08 08 00 00 00 00 00 00 00 00 00 00 00 00 00 00 00 00 00 00 00 00 00 00 00 00 00 00 00 00 00 00 00 01 00
2026-07-22 04:30:06,3D 00 36 01 1D 0C 62 0E 00 DE 27 00 00 00 00 FF 66 00 00 00 00 00 00 FF BE 00 00 00 00 00 00 00 00 00 00 00 00 00 00 00 00 00 00 00 00 00 00 00 00 00 00 00 00 00 00 00 00 00 00 00 00 00 00 00 00 00 00 00 00 00 00 00 00 04 03 61 ED 20 1C 00 00 00 00 00 00 00 58 02 00 00 00 00 00 00 64 00 00 00 00 44 00 00 0B 00 05 00 3C 00 1E 00 46 00 28 00 00 00 00 00 00 00 00 00 08 08 18 00 00 00 00 00 00 00 00 00 00 00 00 00 00 00 00 00 00 00 68 01 00 00 00 00 00 00 00 00 00 00 00 00 01 00 00 00 00 00 00 00 00 00 FF 1F 00 FF 27 00 EA FF 4C FF 24 FF 56 FF 2E 00 00 00 00 00 00 00 00 00 18 08 08 00 00 00 00 00 00 00 00 00 00 00 00 00 00 00 00 00 00 00 00 00 00 00 00 00 00 00 00 00 00 00 01 00
2026-07-22 04:40:06,3D 00 36 01 1D 0C 62 0F 00 36 2A 00 00 00 00 FF 60 00 00 00 00 00 00 FF D0 00 00 00 00 00 00 00 00 00 00 00 00 00 00 00 00 00 00 00 00 00 00 00 00 00 00 00 00 00 00 00 00 00 00 00 00 00 00 00 00 00 00 00 00 00 00 00 01 00 04 FF FF 20 1C 00 00 00 00 00 00 00 3A 07 00 00 00 00 00 00 64 00 00 00 00 52 00 00 40 00 05 00 3C 00 1E 00 46 00 28 00 00 00 00 00 00 00 00 00 08 08 18 00 00 00 00 00 00 00 00 00 00 00 00 00 00 00 00 00 00 00 68 01 00 00 00 00 00 00 00 00 00 00 00 00 00 00 00 00 00 00 00 00 00 00 FF 49 00 FF 42 00 EA FF 4C FF 24 FF 56 FF 2E 00 00 00 00 00 00 00 00 00 08 08 08 00 00 00 00 00 00 00 00 00 00 00 00 00 00 00 00 00 00 00 00 00 00 00 00 00 00 00 00 00 00 00 01 00
2026-07-22 04:50:07,3D 00 36 01 1D 0C 62 0F 00 8F 2C 00 00 00 00 FF 77 00 00 00 00 00 00 FF 9D 00 00 00 00 00 00 00 00 00 00 00 00 00 00 00 00 00 00 00 00 00 00 00 00 00 00 00 00 00 00 00 37 46 00 02 00 00 05 00 00 00 00 00 00 00 00 00 01 04 04 C8 FD 20 1C 00 00 00 00 00 28 00 00 00 00 00 00 00 00 00 64 00 00 00 00 4E 00 FF 98 00 05 00 3C 00 1E 00 46 00 28 00 00 00 00 00 00 00 00 00 08 08 18 00 00 00 00 00 00 00 00 00 00 00 00 00 00 00 00 00 00 00 68 01 00 00 00 00 00 00 00 00 4B 00 00 00 00 00 00 00 00 00 00 00 00 00 FF 2A 00 FE C0 00 EA FF 4C FF 24 FF 56 FF 2E 00 00 00 00 00 00 00 00 00 08 08 08 00 00 00 00 00 00 00 00 00 00 00 00 00 00 00 00 00 00 00 00 00 00 00 00 00 00 00 00 00 00 00 01 00
2026-07-22 05:00:06,3D 00 36 01 1D 0C 62 0F 00 E6 2E 00 00 00 00 FF 66 00 00 00 00 00 00 FF C5 00 00 00 00 00 00 00 00 00 00 00 00 00 00 00 00 00 00 00 00 00 00 00 00 00 ZZ 00 00 00 00 00 00 00 00 00 00 00 0C 00 00 00 00 00 00 00 00 00 00 04 04 71 FB 20 1C 00 00 00 00 00 00 00 58 02 00 01 00 00 00 00 64 00 00 00 00 50 00 00 3C 00 05 00 3C 00 1E 00 46 00 28 00 00 00 00 00 00 00 00 00 08 18 18 00 00 00 00 00 00 00 00 00 00 00 00 00 00 00 00 00 00 00 68 01 00 00 00 00 00 00 00 00 00 00 00 00 00 01 00 00 00 00 00 00 00 00 FF 29 00 FF 43 00 EA FF 4C FF 24 FF 56 FF 2E 00 00 00 00 00 00 00 00 00 08 18 08 00 00 00 00 00 00 00 00 00 00 00 00 00 00 00 00 00 00 00 00 00 00 00 00 00 00 00 00 00 00 00 01 00
2026-07-22 05:10:06,3D 00 36 01 1D 0C 62 0F 00 3E 31 00 00 00 00 FF 84 00 00 00 00 00 00 FF D2 00 00 00 00 00 00 00 00 00 00 00 00 00 00 00 00 00 00 00 00 00 00 00 00 00 00 00 00 00 00 00 00 00 00 00 00 00 0C 00 00 00 00 00 00 00 00 00 00 04 04 19 F9 20 1C 00 00 00 00 00 00 00 3A 07 00 01 00 00 00 00 64 00 00 00 00 54 00 00 51 00 05 00 3C 00 1E 00 46 00 28 00 00 00 00 00 00 00 00 00 08 18 18 00 00 00 00 00 00 00 00 00 00 00 00 00 00 00 00 00 00 00 68 01 00 00 00 00 00 00 00 00 00 00 00 00 00 01 00 00 00 00 00 00 00 00 FF 9D 00 00 8A 00 EA FF 4C FF 24 FF 56 FF 2E 00 00 00 00 00 00 00 00 00 08 18 08 00 00 00 00 00 00 00 00 00 00 00 00 00 00 00 00 00 00 00 00 00 00 00 00 00 00 00 00 00 00 00 01 00
2026-07-22 05:20:06,3D 00 36 01 1D 0C 62 0F 00 96 33 00 00 00 00 FF B0 00 00 00 00 00 00 FF D5 00 00 00 00 00 00 00 00 00 00 00 00 00 00 00 00 00 00 00 00 00 00 00 00 00 00 00 00 00 00 00 78 46 00 01 00 00 05 00 00 00 00 00 00 00 00 00 02 04 04 C1 F6 20 1C 00 00 00 00 00 3C 00 00 00 00 00 00 00 00 00 64 00 00 00 00 57 00 00 50 00 05 00 3C 00 1E 00 46 00 28 00 00 00 00 00 00 00 00 00 08 08 18 00 00 00 00 00 00 00 00 00 00 00 00 00 00 00 00 00 00 00 68 01 00 00 00 00 00 00 00 00 5A 00 00 00 00 00 00 00 00 00 00 00 00 00 FF C0 00 00 86 00 EA FF 4C FF 24 FF 56 FF 2E 00 00 00 00 00 00 00 00 00 08 08 08 00 00 00 00 00 00 00 00 00 00 00 00 00 00 00 00 00 00 00 00 00 00 00 00 00 00 00 00 00 00 00 01 00
2026-07-22 05:30:06,3D 00 36 01 1D 0C 62 0F 00 EE 35 00 00 00 00 FF B4 00 00 00 00 00 00 FF 9F 00 00 00 00 00 00 00 00 00 00 00 00 00 00 00 00 00 00 00 00 00 00 00 00 00 00 00 00 00 00 00 78 46 00 02 00 00 05 00 00 00 00 00 00 00 00 00 02 04 04 69 F4 20 1C 00 00 00 00 00 28 00 58 02 00 00 00 00 00 00 64 00 00 00 00 3E 00 FF 9A 00 05 00 3C 00 1E 00 46 00 28 00 00 00 00 00 00 00 00 00 08 08 18 00 00 00 00 00 00 00 00 00 00 00 00 00 00 00 00 00 00 00 68 01 00 00 00 00 00 00 00 00 5A 00 00 00 00 00 00 00 00 00 00 00 00 00 FF 48 00 FE C0 00 EA FF 4C FF 24 FF 56 FF 2E 00 00 00 00 00 00 00 00 00 08 08 08 00 00 00 00 00 00 00 00 00 00 00 00 00 00 00 00 00 00 00 00 00 00 00 00 00 00 00 00 00 00 00 01 00
2026-07-22 05:40:06,3D 00 36 01 1D 0C 62 0F 00 46 38 00 00 00 00 FF 8A 00 00 00 00 00 00 FF BB 00 00 00 00 00 00 00 00 00 00 00 00 00 00 00 00 00 00 00 00 00 00 00 00 00 00 00 00 00 00 00 00 00 00 00 00 00 00 00 00 00 00 00 00 00 00 00 00 06 04 11 F2 20 1C 00 00 00 00 00 00 00 3A 07 00 00 00 00 00 00 64 00 00 00 00 3A 00 00 16 00 05 00 3C 00 1E 00 46 00 28 00 00 00 00 00 00 00 00 00 08 08 18 00 00 00 00 00 00 00 00 00 00 00 00 00 00 00 00 00 00 00 68 01 00 00 00 00 00 00 00 00 00 00 00 00 00 00 00 00 00 00 00 00 00 00 FF 23 00 FF 32 00 EA FF 4C FF 24 FF 56 FF 2E 00 00 00 00 00 00 00 00 00 08 08 08 00 00 00 00 00 00 00 00 00 00 00 00 00 00 00 00 00 00 00 00 00 00 00 00 00 00 00 00 00 00 00 01 00
2026-07-22 05:50:06,3D 00 36 01 1D 0C 62 0F 00 9E 3A 00 00 00 00 FF 77 00 00 00 00 00 00 FF CF 00 00 00 00 00 00 00 00 00 00 00 00 00 00 00 00 00 00 00 00 00 00 00 00 00 00 00 00 00 00 00 00 00 00 00 00 00 00 00 00 00 00 00 00 00 00 00 00 04 04 B9 EF 20 1C 00 00 00 00 00 00 00 00 00 00 00 00 00 00 00 64 00 00 00 00 3E 00 00 3A 00 05 00 3C 00 1E 00 46 00 28 00 00 00 00 00 00 00 00 00 08 08 18 00 00 00 00 00 00 00 00 00 00 00 00 00 00 00 00 00 00 00 68 01 00 00 00 00 00 00 00 00 00 00 00 00 00 00 00 00 00 00 00 00 00 00 FF 35 00 FF 46 00 EA FF 4C FF 24 FF 56 FF 2E 00 00 00 00 00 00 00 00 00 08 08 08 00 00 00 00 00 00 00 00 00 00 00 00 00 00 00 00 00 00 00 00 00 00 00 00 00 00 00 00 00 00 00 01 00
2026-07-22 06:00:06,3D 00 36 01 1D 0C 62 0E 00 F6 3C 00 00 00 00 FF 74 00 00 00 00 00 00 FF D6 00 00 00 00 00 00 00 00 00 00 00 00 00 00 00 00 00 00 00 00 00 00 00 00 00 00 00 00 00 00 00 00 00 00 00 00 00 00 00 00 00 00 00 00 00 00 00 00 04 04 61 ED 20 1C 00 00 00 00 00 00 00 58 02 00 00 00 00 00 00 64 00 00 00 00 41 00 00 40 00 05 00 3C 00 1E 00 46 00 28 00 00 00 00 00 00 00 00 00 08 08 18 00 00 00 00 00 00 00 00 00 00 00 00 00 00 00 00 00 00 00 68 01 00 00 00 00 00 00 00 00 00 00 00 00 00 00 00 00 00 00 00 00 00 00 FF 4A 00 FF 5A 00 EA FF 4C FF 24 FF 56 FF 2E 00 00 00 00 00 00 00 00 00 08 08 08 00 00 00 00 00 00 00 00 00 00 00 00 00 00 00 00 00 00 00 00 00 00 00 00 00 00 00 00 00 00 00 01 00
2026-07-22 06:10:07,3D 00 36 01 1D 0C 62 0E 00 4F 3F 00 00 00 00 FF 6E 00 00 00 00 00 00 FF BD 00 00 00 00 00 00 00 00 00 00 00 00 00 00 00 00 00 00 00 00 00 00 00 00 00 00 00 00 00 00 00 00 00 00 00 00 00 00 00 00 00 00 00 00 00 00 00 00 00 05 FF FF 20 1C 00 00 00 00 00 00 00 3A 07 00 00 00 00 00 00 64 00 00 00 00 49 00 FF FD 00 05 00 3C 00 1E 00 46 00 28 00 00 00 00 00 00 00 00 00 08 08 18 00 00 00 00 00 00 00 00 00 00 00 00 00 00 00 00 00 00 00 68 01 00 00 00 00 00 00 00 00 00 00 00 00 00 00 00 00 00 00 00 00 00 00 FF 3B 00 FF 21 00 EA FF 4C FF 24 FF 56 FF 2E 00 00 00 00 00 00 00 00 00 08 08 08 00 00 00 00 00 00 00 00 00 00 00 00 00 00 00 00 00 00 00 00 00 00 00 00 00 00 00 00 00 00 00 01 00
2026-07-22 06:20:06,3D 00 36 01 1D 0C 62 0E 00 A6 41 00 00 00 00 FF 79 00 00 00 00 00 00 FF 9A 00 00 00 00 00 00 00 00 00 00 00 00 00 00 00 00 00 00 00 00 00 00 00 00 00 00 00 00 00 00 00 00 00 00 00 00 00 00 00 00 00 00 00 00 00 00 00 00 04 05 C9 FD 20 1C 00 00 00 00 00 00 00 00 00 00 00 00 00 00 00 64 00 00 00 00 4D 00 FF 9B 00 05 00 3C 00 1E 00 46 00 28 00 00 00 00 00 00 00 00 00 18 08 18 00 00 00 00 00 00 00 00 00 00 00 00 00 00 00 00 00 00 00 68 01 00 00 00 00 00 00 00 00 00 00 00 00 00 00 00 00 00 00 00 00 00 00 FF 22 00 FE CA 00 EA FF 4C FF 24 FF 56 FF 2E 00 00 00 00 00 00 00 00 00 08 08 08 00 00 00 00 00 00 00 00 00 00 00 00 00 00 00 00 00 00 00 00 00 00 00 00 00 00 00 00 00 00 00 01 00
2026-07-22 06:30:06,3D 00 36 01 1D 0C 62 0E 00 FE 43 00 00 00 00 FF 68 00 00 00 00 00 00 FF C6 00 00 00 00 00 00 00 00 00 00 00 00 00 00 00 00 00 00 00 00 00 00 00 00 00 00 00 00 00 00 00 00 00 00 00 00 00 00 00 00 00 00 00 00 00 00 00 00 04 05 71 FB 20 1C 00 00 00 00 00 00 00 58 02 00 00 00 00 00 00 64 00 00 00 00 4F 00 00 3E 00 05 00 3C 00 1E 00 46 00 28 00 00 00 00 00 00 00 00 00 18 08 18 00 00 00 00 00 00 00 00 00 00 00 00 00 00 00 00 00 00 00 68 01 00 00 00 00 00 00 00 00 00 00 00 00 00 00 00 00 00 00 00 00 00 00 FF 29 00 FF 3A 00 EA FF 4C FF 24 FF 56 FF 2E 00 00 00 00 00 00 00 00 00 08 08 08 00 00 00 00 00 00 00 00 00 00 00 00 00 00 00 00 00 00 00 00 00 00 00 00 00 00 00 00 00 00 00 01 00
2026-07-22 06:40:06,3D 00 36 01 1D 0C 62 0E 00 56 46 00 00 00 00 FF 67 00 00 00 00 00 00 FF D2 00 00 00 00 00 00 00 00 00 00 00 00 00 00 00 00 00 00 00 00 00 00 00 00 00 00 00 00 00 00 00 00 00 00 00 00 00 00 00 00 00 00 00 00 00 00 00 00 04 05 19 F9 20 1C 00 00 00 00 00 00 00 3A 07 00 00 00 00 00 00 64 00 00 00 00 54 00 00 52 00 05 00 3C 00 1E 00 46 00 28 00 00 00 00 00 00 00 00 00 08 08 18 00 00 00 00 00 00 00 00 00 00 00 00 00 00 00 00 00 00 00 68 01 00 00 00 00 00 00 00 00 00 00 00 00 00 00 00 00 00 00 00 00 00 00 FC 19 01 FF 4D 00 EA FF 4C FF 24 FF 56 FF 2E 00 00 00 00 00 00 00 00 00 08 08 08 00 00 00 00 00 00 00 00 00 00 00 00 00 00 00 00 00 00 00 00 00 00 00 00 00 00 00 00 00 00 00 01 00
2026-07-22 06:50:06,3D 00 36 01 1D 0C 62 0E 00 AE 48 00 00 00 00 FF 6F 00 00 00 00 00 00 FF C2 00 00 00 00 00 00 00 00 00 00 00 00 00 00 00 00 00 00 00 00 00 00 00 00 00 00 00 00 00 00 00 37 46 00 02 00 00 05 00 00 00 00 00 00 00 00 00 00 04 05 C1 F6 20 1C 00 00 00 00 00 28 00 00 00 00 00 00 00 00 00 64 00 00 00 00 4E 00 FC 19 01 05 00 3C 00 1E 00 46 00 28 00 00 00 00 00 00 00 00 00 08 08 18 00 00 00 00 00 00 00 00 00 00 00 00 00 00 00 00 00 00 00 68 01 00 00 00 00 00 00 00 00 4B 00 00 00 00 00 00 00 00 00 00 00 00 00 FF 40 00 FE E4 00 EA FF 4C FF 24 FF 56 FF 2E 00 00 00 00 00 00 00 00 00 08 08 18 00 00 00 00 00 00 00 00 00 00 00 00 00 00 00 00 00 00 00 00 00 00 00 00 00 00 00 00 00 00 00 01 00
2026-07-22 07:00:06,3D 00 36 01 1D 0C 62 0E 00 06 4B 00 00 00 00 FF 64 00 00 00 00 00 00 FF C7 00 00 00 00 01 00 00 00 00 00 00 00 00 00 00 00 00 00 00 00 00 00 00 00 00 00 00 00 00 00 00 00 00 00 00 00 00 00 00 00 00 00 00 00 00 00 00 00 04 05 69 F4 20 1C 00 00 00 00 00 00 00 58 02 00 00 00 00 00 00 64 00 00 00 00 49 00 00 2C 00 05 00 3C 00 1E 00 46 00 28 00 00 00 00 00 00 00 00 00 08 08 18 00 00 00 00 00 00 00 00 00 00 00 00 00 00 00 00 00 00 00 68 01 00 00 00 00 00 00 00 00 00 00 00 00 00 00 00 00 00 00 00 00 00 00 FF 24 00 FF 32 00 EA FF 4C FF 24 FF 56 FF 2E 00 00 00 00 00 00 00 00 00 08 08 08 00 00 00 00 00 00 00 00 00 00 00 00 00 00 00 00 00 00 00 00 00 00 00 00 00 00 00 00 00 00 00 03 00
2026-07-22 07:10:06,3D 00 36 01 1D 0C 62 0E 00 5E 4D 00 00 00 00 FF 62 00 00 00 00 00 00 FF D2 00 00 00 00 01 00 00 00 00 00 00 00 00 00 00 00 00 00 00 00 00 00 00 00 00 00 00 00 00 00 00 00 00 00 00 00 00 00 00 00 00 00 00 00 00 00 00 00 04 05 11 F2 20 1C 00 00 00 00 00 00 00 3A 07 00 00 00 00 00 00 64 00 00 00 00 4C 00 00 48 00 05 00 3C 00 1E 00 46 00 28 00 00 00 00 00 00 00 00 00 08 08 18 00 00 00 00 00 00 00 00 00 00 00 00 00 00 00 00 00 00 00 68 01 00 00 00 00 00 00 00 00 00 00 00 00 00 00 00 00 00 00 00 00 00 00 FF 36 00 FF 48 00 EA FF 4C FF 24 FF 56 FF 2E 00 00 00 00 00 00 00 00 00 08 08 08 00 00 00 00 00 00 00 00 00 00 00 00 00 00 00 00 00 00 00 00 00 00 00 00 00 00 00 00 00 00 00 01 00
2026-07-22 07:20:06,3D 00 36 01 1D 0C 62 0E 00 B6 4F 00 00 00 00 FF 6B 00 00 00 00 00 00 FF D7 00 00 00 00 01 00 00 00 00 00 00 00 00 00 00 00 00 00 00 00 00 00 00 00 00 00 00 00 00 00 00 00 00 00 00 00 00 00 00 00 00 00 00 00 00 00 00 00 04 05 B9 EF 20 1C 00 00 00 00 00 00 00 00 00 00 00 00 00 00 00 64 00 00 00 00 51 00 00 4F 00 05 00 3C 00 1E 00 46 00 28 00 00 00 00 00 00 00 00 00 08 08 18 00 00 00 00 00 00 00 00 00 00 00 00 00 00 00 00 00 00 00 68 01 00 00 00 00 00 00 00 00 00 00 00 00 00 00 00 00 00 00 00 00 00 00 FF 4B 00 FF 5C 00 EA FF 4C FF 24 FF 56 FF 2E 00 00 00 00 00 00 00 00 00 08 08 08 00 00 00 00 00 00 00 00 00 00 00 00 00 00 00 00 00 00 00 00 00 00 00 00 00 00 00 00 00 00 00 01 00
2026-07-22 07:30:08,3D 00 36 01 1D 0C 62 0E 00 10 52 00 00 00 00 FF 66 00 00 00 00 00 00 FF BF 00 00 00 00 00 00 00 00 00 00 00 00 00 00 00 00 00 00 00 00 00 00 00 00 00 00 00 00 00 00 00 00 00 00 00 00 00 00 00 00 00 00 00 00 00 00 00 00 04 05 5F ED 20 1C 00 00 00 00 00 00 00 20 03 00 00 01 00 00 00 64 00 00 00 00 43 00 00 0D 00 05 00 3C 00 1E 00 46 00 28 00 00 00 00 00 00 00 00 00 08 08 18 00 00 00 00 00 00 00 00 00 00 00 00 00 00 00 00 00 00 00 68 01 00 00 00 00 00 00 00 00 00 00 00 00 01 00 00 00 00 00 00 00 00 00 FF 1F 00 FF 26 00 EA FF 4C FF 24 FF 56 FF 2E 00 00 00 00 00 00 00 00 00 18 08 08 00 00 00 00 00 00 00 00 00 00 00 00 00 00 00 00 00 00 00 00 00 00 00 00 00 00 00 00 00 00 00 01 00
2026-07-22 07:40:08,3D 00 36 01 1D 0C 62 0F 00 68 54 00 00 00 00 FF 61 00 00 00 00 00 00 FF CF 00 00 00 00 00 00 00 00 00 00 00 00 00 00 00 00 00 00 00 00 00 00 00 00 00 00 00 00 00 00 00 78 46 00 01 00 00 05 00 00 00 00 00 00 00 00 00 01 00 06 FF FF 20 1C 00 00 00 00 00 3C 00 3A 07 00 00 01 00 00 00 64 00 00 00 00 56 00 00 40 00 05 00 3C 00 1E 00 46 00 28 00 00 00 00 00 00 00 00 00 08 08 18 00 00 00 00 00 00 00 00 00 00 00 00 00 00 00 00 00 00 00 68 01 00 00 00 00 00 00 00 00 5A 00 00 00 00 00 00 00 00 00 00 00 00 00 FF 51 00 FF 41 00 EA FF 4C FF 24 FF 56 FF 2E 00 00 00 00 00 00 00 00 00 08 08 08 00 00 00 00 00 00 00 00 00 00 00 00 00 00 00 00 00 00 00 00 00 00 00 00 00 00 00 00 00 00 00 01 00
2026-07-22 07:50:06,3D 00 36 01 1D 0C 62 0F 00 BE 56 00 00 00 00 FF 76 00 00 00 00 00 00 FF 9E 00 00 00 00 00 00 00 00 00 00 00 00 00 00 00 00 00 00 00 00 00 00 00 00 00 00 00 00 00 00 00 37 46 00 02 00 00 05 00 00 00 00 00 00 00 00 00 01 04 06 C9 FD 20 1C 00 00 00 00 00 28 00 00 00 00 00 00 00 00 00 64 00 00 00 00 4E 00 FF 98 00 05 00 3C 00 1E 00 46 00 28 00 00 00 00 00 00 00 00 00 08 08 18 00 00 00 00 00 00 00 00 00 00 00 00 00 00 00 00 00 00 00 68 01 00 00 00 00 00 00 00 00 4B 00 00 00 00 00 00 00 00 00 00 00 00 00 FF 29 00 FE C0 00 EA FF 4C FF 24 FF 56 FF 2E 00 00 00 00 00 00 00 00 00 08 08 08 00 00 00 00 00 00 00 00 00 00 00 00 00 00 00 00 00 00 00 00 00 00 00 00 00 00 00 00 00 00 00 01 00
2026-07-22 08:00:06,3D 00 36 01 1D 0C 62 0F 00 16 59 00 00 00 00 FF 67 00 00 00 00 00 00 FF C4 00 00 00 00 00 00 00 00 00 00 00 00 00 00 00 00 00 00 00 00 00 00 00 00 00 00 00 00 00 00 00 00 00 00 00 00 00 0C 00 00 00 00 00 00 00 00 00 00 04 06 71 FB 20 1C 00 00 00 00 00 00 00 58 02 00 01 00 00 00 00 64 00 00 00 00 51 00 00 3D 00 05 00 3C 00 1E 00 46 00 28 00 00 00 00 00 00 00 00 00 08 18 18 00 00 00 00 00 00 00 00 00 00 00 00 00 00 00 00 00 00 00 68 01 00 00 00 00 00 00 00 00 00 00 00 00 00 01 00 00 00 00 00 00 00 00 FF 2A 00 FF 42 00 EA FF 4C FF 24 FF 56 FF 2E 00 00 00 00 00 00 00 00 00 08 18 08 00 00 00 00 00 00 00 00 00 00 00 00 00 00 00 00 00 00 00 00 00 00 00 00 00 00 00 00 00 00 00 01 00
2026-07-22 08:10:06,3D 00 36 01 1D 0C 62 0F 00 6E 5B 00 00 00 00 FF 82 00 00 00 00 00 00 FF D3 00 00 00 00 00 00 00 00 00 00 00 00 00 00 00 00 00 00 00 00 00 00 00 00 00 00 00 00 00 00 00 00 00 00 00 00 00 0C 00 00 00 00 00 00 00 00 00 00 04 06 19 F9 20 1C 00 00 00 00 00 00 00 3A 07 00 01 00 00 00 00 64 00 00 00 00 53 00 00 50 00 05 00 3C 00 1E 00 46 00 28 00 00 00 00 00 00 00 00 00 08 18 18 00 00 00 00 00 00 00 00 00 00 00 00 00 00 00 00 00 00 00 68 01 00 00 00 00 00 00 00 00 00 00 00 00 00 01 00 00 00 00 00 00 00 00 FF 9C 00 00 8A 00 EA FF 4C FF 24 FF 56 FF 2E 00 00 00 00 00 00 00 00 00 08 18 08 00 00 00 00 00 00 00 00 00 00 00 00 00 00 00 00 00 00 00 00 00 00 00 00 00 00 00 00 00 00 00 01 00
2026-07-22 08:20:06,3D 00 36 01 1D 0C 62 0F 00 C6 5D 00 00 00 00 FF B0 00 00 00 00 00 00 FF D6 00 00 00 00 00 00 00 00 00 00 00 00 00 00 00 00 00 00 00 00 00 00 00 00 00 00 00 00 00 00 00 78 46 00 01 00 00 05 00 00 00 00 00 00 00 00 00 02 04 06 C1 F6 20 1C 00 00 00 00 00 3C 00 00 00 00 00 00 00 00 00 64 00 00 00 00 56 00 00 50 00 05 00 3C 00 1E 00 46 00 28 00 00 00 00 00 00 00 00 00 08 08 18 00 00 00 00 00 00 00 00 00 00 00 00 00 00 00 00 00 00 00 68 01 00 00 00 00 00 00 00 00 5A 00 00 00 00 00 00 00 00 00 00 00 00 00 FF C2 00 00 85 00 EA FF 4C FF 24 FF 56 FF 2E 00 00 00 00 00 00 00 00 00 08 08 08 00 00 00 00 00 00 00 00 00 00 00 00 00 00 00 00 00 00 00 00 00 00 00 00 00 00 00 00 00 00 00 01 00
2026-07-22 08:30:06,3D 00 36 01 1D 0C 62 0F 00 1E 60 00 00 00 00 FF B6 00 00 00 00 00 00 FF 9F 00 00 00 00 00 00 00 00 00 00 00 00 00 00 00 00 00 00 00 00 00 00 00 00 00 00 00 00 00 00 00 78 46 00 02 00 00 05 00 00 00 00 00 00 00 00 00 02 04 06 69 F4 20 1C 00 00 00 00 00 28 00 58 02 00 00 00 00 00 00 64 00 00 00 00 3E 00 FF 9A 00 05 00 3C 00 1E 00 46 00 28 00 00 00 00 00 00 00 00 00 08 08 18 00 00 00 00 00 00 00 00 00 00 00 00 00 00 00 00 00 00 00 68 01 00 00 00 00 00 00 00 00 5A 00 00 00 00 00 00 00 00 00 00 00 00 00 FF 48 00 FE C2 00 EA FF 4C FF 24 FF 56 FF 2E 00 00 00 00 00 00 00 00 00 08 08 08 00 00 00 00 00 00 00 00 00 00 00 00 00 00 00 00 00 00 00 00 00 00 00 00 00 00 00 00 00 00 00 01 00
2026-07-22 08:40:06,3D 00 36 01 1D 0C 62 0F 00 76 62 00 00 00 00 FF 8B 00 00 00 00 00 00 FF BB 00 00 00 00 00 00 00 00 00 00 00 00 00 00 00 00 00 00 00 00 00 00 00 00 00 00 00 00 00 00 00 00 00 00 00 00 00 00 00 00 00 00 00 00 00 00 00 00 06 06 11 F2 20 1C 00 00 00 00 00 00 00 3A 07 00 00 00 00 00 00 64 00 00 00 00 3B 00 00 18 00 05 00 3C 00 1E 00 46 00 28 00 00 00 00 00 00 00 00 00 08 08 18 00 00 00 00 00 00 00 00 00 00 00 00 00 00 00 00 00 00 00 68 01 00 00 00 00 00 00 00 00 00 00 00 00 00 00 00 00 00 00 00 00 00 00 FF 22 00 FF 32 00 EA FF 4C FF 24 FF 56 FF 2E 00 00 00 00 00 00 00 00 00 08 08 08 00 00 00 00 00 00 00 00 00 00 00 00 00 00 00 00 00 00 00 00 00 00 00 00 00 00 00 00 00 00 00 01 00
2026-07-22 08:50:06,3D 00 36 01 1D 0C 62 0F 00 CE 64 00 00 00 00 FF 77 00 00 00 00 00 00 FF CF 00 00 00 00 00 00 00 00 00 00 00 00 00 00 00 00 00 00 00 00 00 00 00 00 00 00 00 00 00 00 00 00 00 00 00 00 00 00 00 00 00 00 00 00 00 00 00 00 04 06 B9 EF 20 1C 00 00 00 00 00 00 00 00 00 00 00 00 00 00 00 64 00 00 00 00 3F 00 00 3B 00 05 00 3C 00 1E 00 46 00 28 00 00 00 00 00 00 00 00 00 08 08 18 00 00 00 00 00 00 00 00 00 00 00 00 00 00 00 00 00 00 00 68 01 00 00 00 00 00 00 00 00 00 00 00 00 00 00 00 00 00 00 00 00 00 00 FF 36 00 FF 47 00 EA FF 4C FF 24 FF 56 FF 2E 00 00 00 00 00 00 00 00 00 08 08 08 00 00 00 00 00 00 00 00 00 00 00 00 00 00 00 00 00 00 00 00 00 00 00 00 00 00 00 00 00 00 00 01 00
2026-07-22 09:00:06,3D 00 36 01 1D 0C 62 0E 00 26 67 00 00 00 00 FF 74 00 00 00 00 00 00 FF D5 00 00 00 00 00 00 00 00 00 00 00 00 00 00 00 00 00 00 00 00 00 00 00 00 00 00 00 00 00 00 00 00 00 00 00 00 00 00 00 00 00 00 00 00 00 00 00 00 04 06 61 ED 20 1C 00 00 00 00 00 00 00 58 02 00 00 00 00 00 00 64 00 00 00 00 42 00 00 3F 00 05 00 3C 00 1E 00 46 00 28 00 00 00 00 00 00 00 00 00 08 08 18 00 00 00 00 00 00 00 00 00 00 00 00 00 00 00 00 00 00 00 68 01 00 00 00 00 00 00 00 00 00 00 00 00 00 00 00 00 00 00 00 00 00 00 FF 4A 00 FF 5A 00 EA FF 4C FF 24 FF 56 FF 2E 00 00 00 00 00 00 00 00 00 08 08 08 00 00 00 00 00 00 00 00 00 00 00 00 00 00 00 00 00 00 00 00 00 00 00 00 00 00 00 00 00 00 00 01 00
2026-07-22 09:10:06,3D 00 36 01 1D 0C 62 0E 00 7E 69 00 00 00 00 FF 6E 00 00 00 00 00 00 FF BC 00 00 00 00 00 00 00 00 00 00 00 00 00 00 00 00 00 00 00 00 00 00 00 00 00 00 00 00 00 00 00 00 00 00 00 00 00 00 00 00 00 00 00 00 00 00 00 00 00 07 FF FF 20 1C 00 00 00 00 00 00 00 3A 07 00 00 00 00 00 00 64 00 00 00 00 47 00 FF FC 00 05 00 3C 00 1E 00 46 00 28 00 00 00 00 00 00 00 00 00 08 08 18 00 00 00 00 00 00 00 00 00 00 00 00 00 00 00 00 00 00 00 68 01 00 00 00 00 00 00 00 00 00 00 00 00 00 00 00 00 00 00 00 00 00 00 FF 37 00 FF 22 00 EA FF 4C FF 24 FF 56 FF 2E 00 00 00 00 00 00 00 00 00 08 08 08 00 00 00 00 00 00 00 00 00 00 00 00 00 00 00 00 00 00 00 00 00 00 00 00 00 00 00 00 00 00 00 01 00
2026-07-22 09:20:06,3D 00 36 01 1D 0C 62 0E 00 D6 6B 00 00 00 00 FF 79 00 00 00 00 00 00 FF 9A 00 00 00 00 00 00 00 00 00 00 00 00 00 00 00 00 00 00 00 00 00 00 00 00 00 00 00 00 00 00 00 00 00 00 00 00 00 00 00 00 00 00 00 00 00 00 00 00 04 07 C9 FD 20 1C 00 00 00 00 00 00 00 00 00 00 00 00 00 00 00 64 00 00 00 00 4C 00 FF 9A 00 05 00 3C 00 1E 00 46 00 28 00 00 00 00 00 00 00 00 00 18 08 18 00 00 00 00 00 00 00 00 00 00 00 00 00 00 00 00 00 00 00 68 01 00 00 00 00 00 00 00 00 00 00 00 00 00 00 00 00 00 00 00 00 00 00 FF 23 00 FE CA 00 EA FF 4C FF 24 FF 56 FF 2E 00 00 00 00 00 00 00 00 00 08 08 08 00 00 00 00 00 00 00 00 00 00 00 00 00 00 00 00 00 00 00 00 00 00 00 00 00 00 00 00 00 00 00 01 00
2026-07-22 09:30:06,3D 00 36 01 1D 0C 62 0E 00 2E 6E 00 00 00 00 FF 68 00 00 00 00 00 00 FF C5 00 00 00 00 00 00 00 00 00 00 00 00 00 00 00 00 00 00 00 00 00 00 00 00 00 00 00 00 00 00 00 00 00 00 00 00 00 00 00 00 00 00 00 00 00 00 00 00 04 07 71 FB 20 1C 00 00 00 00 00 00 00 58 02 00 00 00 00 00 00 64 00 00 00 00 51 00 00 3F 00 05 00 3C 00 1E 00 46 00 28 00 00 00 00 00 00 00 00 00 18 08 18 00 00 00 00 00 00 00 00 00 00 00 00 00 00 00 00 00 00 00 68 01 00 00 00 00 00 00 00 00 00 00 00 00 00 00 00 00 00 00 00 00 00 00 FF 2A 00 FF 3A 00 EA FF 4C FF 24 FF 56 FF 2E 00 00 00 00 00 00 00 00 00 08 08 08 00 00 00 00 00 00 00 00 00 00 00 00 00 00 00 00 00 00 00 00 00 00 00 00 00 00 00 00 00 00 00 01 00
2026-07-22 09:40:06,3D 00 36 01 1D 0C 62 0E 00 86 70 00 00 00 00 FF 68 00 00 00 00 00 00 FF D2 00 00 00 00 00 00 00 00 00 00 00 00 00 00 00 00 00 00 00 00 00 00 00 00 00 00 00 00 00 00 00 00 00 00 00 00 00 00 00 00 00 00 00 00 00 00 00 00 04 07 19 F9 20 1C 00 00 00 00 00 00 00 3A 07 00 00 00 00 00 00 64 00 00 00 00 53 00 00 51 00 05 00 3C 00 1E 00 46 00 28 00 00 00 00 00 00 00 00 00 08 08 18 00 00 00 00 00 00 00 00 00 00 00 00 00 00 00 00 00 00 00 68 01 00 00 00 00 00 00 00 00 00 00 00 00 00 00 00 00 00 00 00 00 00 00 FF 3C 00 FF 4E 00 EA FF 4C FF 24 FF 56 FF 2E 00 00 00 00 00 00 00 00 00 08 08 08 00 00 00 00 00 00 00 00 00 00 00 00 00 00 00 00 00 00 00 00 00 00 00 00 00 00 00 00 00 00 00 01 00
2026-07-22 09:50:06,3D 00 36 01 1D 0C 62 0E 00 DE 72 00 00 00 00 FF 6E 00 00 00 00 00 00 FF C3 00 00 00 00 00 00 00 00 00 00 00 00 00 00 00 00 00 00 00 00 00 00 00 00 00 00 00 00 00 00 00 37 46 00 02 00 00 05 00 00 00 00 00 00 00 00 00 00 04 07 C1 F6 20 1C 00 00 00 00 00 28 00 00 00 00 00 00 00 00 00 64 00 00 00 00 4E 00 FC 19 01 05 00 3C 00 1E 00 46 00 28 00 00 00 00 00 00 00 00 00 08 08 18 00 00 00 00 00 00 00 00 00 00 00 00 00 00 00 00 00 00 00 68 01 00 00 00 00 00 00 00 00 4B 00 00 00 00 00 00 00 00 00 00 00 00 00 FF 40 00 FE E5 00 EA FF 4C FF 24 FF 56 FF 2E 00 00 00 00 00 00 00 00 00 08 08 18 00 00 00 00 00 00 00 00 00 00 00 00 00 00 00 00 00 00 00 00 00 00 00 00 00 00 00 00 00 00 00 01 00
2026-07-22 10:00:06,3D 00 36 01 1D 0C 62 0E 00 36 75 00 00 00 00 FF 63 00 00 00 00 00 00 FF C7 00 00 00 00 01 00 00 00 00 00 00 00 00 00 00 00 00 00 00 00 00 00 00 00 00 00 00 00 00 00 00 00 00 00 00 00 00 00 00 00 00 00 00 00 00 00 00 00 04 07 69 F4 20 1C 00 00 00 00 00 00 00 58 02 00 00 00 00 00 00 64 00 00 00 00 48 00 00 2C 00 05 00 3C 00 1E 00 46 00 28 00 00 00 00 00 00 00 00 00 08 08 18 00 00 00 00 00 00 00 00 00 00 00 00 00 00 00 00 00 00 00 68 01 00 00 00 00 00 00 00 00 00 00 00 00 00 00 00 00 00 00 00 00 00 00 FF 24 00 FF 33 00 EA FF 4C FF 24 FF 56 FF 2E 00 00 00 00 00 00 00 00 00 08 08 08 00 00 00 00 00 00 00 00 00 00 00 00 00 00 00 00 00 00 00 00 00 00 00 00 00 00 00 00 00 00 00 03 00
2026-07-22 10:10:07,3D 00 36 01 1D 0C 62 0E 00 8F 77 00 00 00 00 FF 61 00 00 00 00 00 00 FF D2 00 00 00 00 01 00 00 00 00 00 00 00 00 00 00 00 00 00 00 00 00 00 00 00 00 00 00 00 00 00 00 00 00 00 00 00 00 00 00 00 00 00 00 00 00 00 00 00 04 07 10 F2 20 1C 00 00 00 00 00 00 00 3A 07 00 00 00 00 00 00 64 00 00 00 00 4D 00 00 48 00 05 00 3C 00 1E 00 46 00 28 00 00 00 00 00 00 00 00 00 08 08 18 00 00 00 00 00 00 00 00 00 00 00 00 00 00 00 00 00 00 00 68 01 00 00 00 00 00 00 00 00 00 00 00 00 00 00 00 00 00 00 00 00 00 00 FF 37 00 FF 48 00 EA FF 4C FF 24 FF 56 FF 2E 00 00 00 00 00 00 00 00 00 08 08 08 00 00 00 00 00 00 00 00 00 00 00 00 00 00 00 00 00 00 00 00 00 00 00 00 00 00 00 00 00 00 00 01 00
2026-07-22 10:20:07,3D 00 36 01 1D 0C 62 0E 00 E7 79 00 00 00 00 FF 6A 00 00 00 00 00 00 FF D7 00 00 00 00 01 00 00 00 00 00 00 00 00 00 00 00 00 00 00 00 00 00 00 00 00 00 00 00 00 00 00 00 00 00 00 00 00 00 00 00 00 00 00 00 00 00 00 00 04 07 B8 EF 20 1C 00 00 00 00 00 00 00 00 00 00 00 00 00 00 00 64 00 00 00 00 50 00 00 4F 00 05 00 3C 00 1E 00 46 00 28 00 00 00 00 00 00 00 00 00 08 08 18 00 00 00 00 00 00 00 00 00 00 00 00 00 00 00 00 00 00 00 68 01 00 00 00 00 00 00 00 00 00 00 00 00 00 00 00 00 00 00 00 00 00 00 FF 4A 00 FF 5B 00 EA FF 4C FF 24 FF 56 FF 2E 00 00 00 00 00 00 00 00 00 08 08 08 00 00 00 00 00 00 00 00 00 00 00 00 00 00 00 00 00 00 00 00 00 00 00 00 00 00 00 00 00 00 00 01 00
2026-07-22 10:30:06,3D 00 36 01 1D 0C 62 0E 00 3E 7C 00 00 00 00 FF 66 00 00 00 00 00 00 FF BE 00 00 00 00 00 00 00 00 00 00 00 00 00 00 00 00 00 00 00 00 00 00 00 00 00 00 00 00 00 00 00 00 00 00 00 00 00 00 00 00 00 00 00 00 00 00 00 00 04 07 61 ED 20 1C 00 00 00 00 00 00 00 58 02 00 00 00 00 00 00 64 00 00 00 00 44 00 00 0B 00 05 00 3C 00 1E 00 46 00 28 00 00 00 00 00 00 00 00 00 08 08 18 00 00 00 00 00 00 00 00 00 00 00 00 00 00 00 00 00 00 00 68 01 00 00 00 00 00 00 00 00 00 00 00 00 01 00 00 00 00 00 00 00 00 00 FF 1E 00 FF 25 00 EA FF 4C FF 24 FF 56 FF 2E 00 00 00 00 00 00 00 00 00 18 08 08 00 00 00 00 00 00 00 00 00 00 00 00 00 00 00 00 00 00 00 00 00 00 00 00 00 00 00 00 00 00 00 01 00
2026-07-22 10:40:06,3D 00 36 01 1D 0C 62 0F 00 96 7E 00 00 00 00 FF 60 00 00 00 00 00 00 FF D1 00 00 00 00 00 00 00 00 00 00 00 00 00 00 00 00 00 00 00 00 00 00 00 00 00 00 00 00 00 00 00 00 00 00 00 00 00 00 00 00 00 00 00 00 00 00 00 01 00 08 FF FF 20 1C 00 00 00 00 00 00 00 3A 07 00 00 00 00 00 00 64 00 00 00 00 54 00 00 42 00 05 00 3C 00 1E 00 46 00 28 00 00 00 00 00 00 00 00 00 08 08 18 00 00 00 00 00 00 00 00 00 00 00 00 00 00 00 00 00 00 00 68 01 00 00 00 00 00 00 00 00 00 00 00 00 00 00 00 00 00 00 00 00 00 00 FF 4A 00 FF 43 00 EA FF 4C FF 24 FF 56 FF 2E 00 00 00 00 00 00 00 00 00 08 08 08 00 00 00 00 00 00 00 00 00 00 00 00 00 00 00 00 00 00 00 00 00 00 00 00 00 00 00 00 00 00 00 01 00
2026-07-22 10:50:06,3D 00 36 01 1D 0C 62 0F 00 EE 80 00 00 00 00 FF 76 00 00 00 00 00 00 FF 9F 00 00 00 00 00 00 00 00 00 00 00 00 00 00 00 00 00 00 00 00 00 00 00 00 00 00 00 00 00 00 00 37 46 00 02 00 00 05 00 00 00 00 00 00 00 00 00 01 04 08 C9 FD 20 1C 00 00 00 00 00 28 00 00 00 00 00 00 00 00 00 64 00 00 00 00 50 00 FF 99 00 05 00 3C 00 1E 00 46 00 28 00 00 00 00 00 00 00 00 00 08 08 18 00 00 00 00 00 00 00 00 00 00 00 00 00 00 00 00 00 00 00 68 01 00 00 00 00 00 00 00 00 4B 00 00 00 00 00 00 00 00 00 00 00 00 00 FF 29 00 FE C1 00 EA FF 4C FF 24 FF 56 FF 2E 00 00 00 00 00 00 00 00 00 08 08 08 00 00 00 00 00 00 00 00 00 00 00 00 00 00 00 00 00 00 00 00 00 00 00 00 00 00 00 00 00 00 00 01 00
2026-07-22 11:00:06,3D 00 36 01 1D 0C 62 0F 00 46 83 00 00 00 00 FF 66 00 00 00 00 00 00 FF C6 00 00 00 00 00 00 00 00 00 00 00 00 00 00 00 00 00 00 00 00 00 00 00 00 00 00 00 00 00 00 00 00 00 00 00 00 00 0C 00 00 00 00 00 00 00 00 00 00 04 08 71 FB 20 1C 00 00 00 00 00 00 00 58 02 00 01 00 00 00 00 64 00 00 00 00 50 00 00 3C 00 05 00 3C 00 1E 00 46 00 28 00 00 00 00 00 00 00 00 00 08 18 18 00 00 00 00 00 00 00 00 00 00 00 00 00 00 00 00 00 00 00 68 01 00 00 00 00 00 00 00 00 00 00 00 00 00 01 00 00 00 00 00 00 00 00 FF 2A 00 FF 42 00 EA FF 4C FF 24 FF 56 FF 2E 00 00 00 00 00 00 00 00 00 08 18 08 00 00 00 00 00 00 00 00 00 00 00 00 00 00 00 00 00 00 00 00 00 00 00 00 00 00 00 00 00 00 00 01 00
2026-07-22 11:10:06,3D 00 36 01 1D 0C 62 0F 00 9E 85 00 00 00 00 FF 84 00 00 00 00 00 00 FF D2 00 00 00 00 00 00 00 00 00 00 00 00 00 00 00 00 00 00 00 00 00 00 00 00 00 00 00 00 00 00 00 00 00 00 00 00 00 0C 00 00 00 00 00 00 00 00 00 00 04 08 19 F9 20 1C 00 00 00 00 00 00 00 3A 07 00 01 00 00 00 00 64 00 00 00 00 54 00 00 51 00 05 00 3C 00 1E 00 46 00 28 00 00 00 00 00 00 00 00 00 08 18 18 00 00 00 00 00 00 00 00 00 00 00 00 00 00 00 00 00 00 00 68 01 00 00 00 00 00 00 00 00 00 00 00 00 00 01 00 00 00 00 00 00 00 00 FF 9C 00 00 89 00 EA FF 4C FF 24 FF 56 FF 2E 00 00 00 00 00 00 00 00 00 08 18 08 00 00 00 00 00 00 00 00 00 00 00 00 00 00 00 00 00 00 00 00 00 00 00 00 00 00 00 00 00 00 00 01 00
2026-07-22 11:20:06,3D 00 36 01 1D 0C 62 0F 00 F6 87 00 00 00 00 FF AF 00 00 00 00 00 00 FF D6 00 00 00 00 00 00 00 00 00 00 00 00 00 00 00 00 00 00 00 00 00 00 00 00 00 00 00 00 00 00 00 78 46 00 01 00 00 05 00 00 00 00 00 00 00 00 00 02 04 08 C1 F6 20 1C 00 00 00 00 00 3C 00 00 00 00 00 00 00 00 00 64 00 00 00 00 56 00 00 51 00 05 00 3C 00 1E 00 46 00 28 00 00 00 00 00 00 00 00 00 08 08 18 00 00 00 00 00 00 00 00 00 00 00 00 00 00 00 00 00 00 00 68 01 00 00 00 00 00 00 00 00 5A 00 00 00 00 00 00 00 00 00 00 00 00 00 FF C2 00 00 85 00 EA FF 4C FF 24 FF 56 FF 2E 00 00 00 00 00 00 00 00 00 08 08 08 00 00 00 00 00 00 00 00 00 00 00 00 00 00 00 00 00 00 00 00 00 00 00 00 00 00 00 00 00 00 00 01 00
2026-07-22 11:30:06,3D 00 36 01 1D 0C 62 0F 00 4E 8A 00 00 00 00 FF B4 00 00 00 00 00 00 FF 9F 00 00 00 00 00 00 00 00 00 00 00 00 00 00 00 00 00 00 00 00 00 00 00 00 00 00 00 00 00 00 00 78 46 00 02 00 00 05 00 00 00 00 00 00 00 00 00 02 04 08 69 F4 20 1C 00 00 00 00 00 28 00 58 02 00 00 00 00 00 00 64 00 00 00 00 3E 00 FF 99 00 05 00 3C 00 1E 00 46 00 28 00 00 00 00 00 00 00 00 00 08 08 18 00 00 00 00 00 00 00 00 00 00 00 00 00 00 00 00 00 00 00 68 01 00 00 00 00 00 00 00 00 5A 00 00 00 00 00 00 00 00 00 00 00 00 00 FF 49 00 FE C1 00 EA FF 4C FF 24 FF 56 FF 2E 00 00 00 00 00 00 00 00 00 08 08 08 00 00 00 00 00 00 00 00 00 00 00 00 00 00 00 00 00 00 00 00 00 00 00 00 00 00 00 00 00 00 00 01 00
2026-07-22 11:40:06,3D 00 36 01 1D 0C 62 0F 00 A6 8C 00 00 00 00 FF 8A 00 00 00 00 00 00 FF BA 00 00 00 00 00 00 00 00 00 00 00 00 00 00 00 00 00 00 00 00 00 00 00 00 00 00 00 00 00 00 00 00 00 00 00 00 00 00 00 00 00 00 00 00 00 00 00 00 06 08 11 F2 20 1C 00 00 00 00 00 00 00 3A 07 00 00 00 00 00 00 64 00 00 00 00 3C 00 00 17 00 05 00 3C 00 1E 00 46 00 28 00 00 00 00 00 00 00 00 00 08 08 18 00 00 00 00 00 00 00 00 00 00 00 00 00 00 00 00 00 00 00 68 01 00 00 00 00 00 00 00 00 00 00 00 00 00 00 00 00 00 00 00 00 00 00 FF 22 00 FF 30 00 EA FF 4C FF 24 FF 56 FF 2E 00 00 00 00 00 00 00 00 00 08 08 08 00 00 00 00 00 00 00 00 00 00 00 00 00 00 00 00 00 00 00 00 00 00 00 00 00 00 00 00 00 00 00 01 00
2026-07-22 11:50:06,3D 00 36 01 1D 0C 62 0F 00 FE 8E 00 00 00 00 FF 76 00 00 00 00 00 00 FF D0 00 00 00 00 00 00 00 00 00 00 00 00 00 00 00 00 00 00 00 00 00 00 00 00 00 00 00 00 00 00 00 00 00 00 00 00 00 00 00 00 00 00 00 00 00 00 00 00 04 08 B9 EF 20 1C 00 00 00 00 00 00 00 00 00 00 00 00 00 00 00 64 00 00 00 00 3E 00 00 3B 00 05 00 3C 00 1E 00 46 00 28 00 00 00 00 00 00 00 00 00 08 08 18 00 00 00 00 00 00 00 00 00 00 00 00 00 00 00 00 00 00 00 68 01 00 00 00 00 00 00 00 00 00 00 00 00 00 00 00 00 00 00 00 00 00 00 FF 36 00 FF 46 00 EA FF 4C FF 24 FF 56 FF 2E 00 00 00 00 00 00 00 00 00 08 08 08 00 00 00 00 00 00 00 00 00 00 00 00 00 00 00 00 00 00 00 00 00 00 00 00 00 00 00 00 00 00 00 01 00
2026-07-22 12:00:06,3D 00 36 01 1D 0C 62 0E 00 56 91 00 00 00 00 FF 74 00 00 00 00 00 00 FF D5 00 00 00 00 00 00 00 00 00 00 00 00 00 00 00 00 00 00 00 00 00 00 00 00 00 00 00 00 00 00 00 00 00 00 00 00 00 00 00 00 00 00 00 00 00 00 00 00 04 08 61 ED 20 1C 00 00 00 00 00 00 00 58 02 00 00 00 00 00 00 64 00 00 00 00 42 00 00 41 00 05 00 3C 00 1E 00 46 00 28 00 00 00 00 00 00 00 00 00 08 08 18 00 00 00 00 00 00 00 00 00 00 00 00 00 00 00 00 00 00 00 68 01 00 00 00 00 00 00 00 00 00 00 00 00 00 00 00 00 00 00 00 00 00 00 FF 49 00 FF 5A 00 EA FF 4C FF 24 FF 56 FF 2E 00 00 00 00 00 00 00 00 00 08 08 08 00 00 00 00 00 00 00 00 00 00 00 00 00 00 00 00 00 00 00 00 00 00 00 00 00 00 00 00 00 00 00 01 00
2026-07-22 12:10:06,3D 00 36 01 1D 0C 62 0E 00 AE 93 00 00 00 00 FF 6C 00 00 00 00 00 00 FF BC 00 00 00 00 00 00 00 00 00 00 00 00 00 00 00 00 00 00 00 00 00 00 00 00 00 00 00 00 00 00 00 00 00 00 00 00 00 00 00 00 00 00 00 00 00 00 00 00 00 09 FF FF 20 1C 00 00 00 00 00 00 00 3A 07 00 00 00 00 00 00 64 00 00 00 00 47 00 FF FD 00 05 00 3C 00 1E 00 46 00 28 00 00 00 00 00 00 00 00 00 08 08 18 00 00 00 00 00 00 00 00 00 00 00 00 00 00 00 00 00 00 00 68 01 00 00 00 00 00 00 00 00 00 00 00 00 00 00 00 00 00 00 00 00 00 00 FF 37 00 FF 22 00 EA FF 4C FF 24 FF 56 FF 2E 00 00 00 00 00 00 00 00 00 08 08 08 00 00 00 00 00 00 00 00 00 00 00 00 00 00 00 00 00 00 00 00 00 00 00 00 00 00 00 00 00 00 00 01 00
2026-07-22 12:20:06,3D 00 36 01 1D 0C 62 0E 00 06 96 00 00 00 00 FF 79 00 00 00 00 00 00 FF 98 00 00 00 00 00 00 00 00 00 00 00 00 00 00 00 00 00 00 00 00 00 00 00 00 00 00 00 00 00 00 00 00 00 00 00 00 00 00 00 00 00 00 00 00 00 00 00 00 04 09 C9 FD 20 1C 00 00 00 00 00 00 00 00 00 00 00 00 00 00 00 64 00 00 00 00 4D 00 FF 9B 00 05 00 3C 00 1E 00 46 00 28 00 00 00 00 00 00 00 00 00 18 08 18 00 00 00 00 00 00 00 00 00 00 00 00 00 00 00 00 00 00 00 68 01 00 00 00 00 00 00 00 00 00 00 00 00 00 00 00 00 00 00 00 00 00 00 FF 22 00 FE CA 00 EA FF 4C FF 24 FF 56 FF 2E 00 00 00 00 00 00 00 00 00 08 08 08 00 00 00 00 00 00 00 00 00 00 00 00 00 00 00 00 00 00 00 00 00 00 00 00 00 00 00 00 00 00 00 01 00
2026-07-22 12:30:06,3D 00 36 01 1D 0C 62 0E 00 5E 98 00 00 00 00 FF 69 00 00 00 00 00 00 FF C5 00 00 00 00 00 00 00 00 00 00 00 00 00 00 00 00 00 00 00 00 00 00 00 00 00 00 00 00 00 00 00 00 00 00 00 00 00 00 00 00 00 00 00 00 00 00 00 00 04 09 71 FB 20 1C 00 00 00 00 00 00 00 58 02 00 00 00 00 00 00 64 00 00 00 00 50 00 00 3F 00 05 00 3C 00 1E 00 46 00 28 00 00 00 00 00 00 00 00 00 18 08 18 00 00 00 00 00 00 00 00 00 00 00 00 00 00 00 00 00 00 00 68 01 00 00 00 00 00 00 00 00 00 00 00 00 00 00 00 00 00 00 00 00 00 00 FF 29 00 FF 39 00 EA FF 4C FF 24 FF 56 FF 2E 00 00 00 00 00 00 00 00 00 08 08 08 00 00 00 00 00 00 00 00 00 00 00 00 00 00 00 00 00 00 00 00 00 00 00 00 00 00 00 00 00 00 00 01 00
2026-07-22 12:40:06,3D 00 36 01 1D 0C 62 0E 00 B6 9A 00 00 00 00 FF 66 00 00 00 00 00 00 FF D3 00 00 00 00 00 00 00 00 00 00 00 00 00 00 00 00 00 00 00 00 00 00 00 00 00 00 00 00 00 00 00 00 00 00 00 00 00 00 00 00 00 00 00 00 00 00 00 00 04 09 19 F9 20 1C 00 00 00 00 00 00 00 3A 07 00 00 00 00 00 00 64 00 00 00 00 53 00 00 50 00 05 00 3C 00 1E 00 46 00 28 00 00 00 00 00 00 00 00 00 08 08 18 00 00 00 00 00 00 00 00 00 00 00 00 00 00 00 00 00 00 00 68 01 00 00 00 00 00 00 00 00 00 00 00 00 00 00 00 00 00 00 00 00 00 00 FF 3D 00 FF 4D 00 EA FF 4C FF 24 FF 56 FF 2E 00 00 00 00 00 00 00 00 00 08 08 08 00 00 00 00 00 00 00 00 00 00 00 00 00 00 00 00 00 00 00 00 00 00 00 00 00 00 00 00 00 00 00 01 00
2026-07-22 12:50:06,3D 00 36 01 1D 0C 62 0E 00 0E 9D 00 00 00 00 FF 6E 00 00 00 00 00 00 FF C3 00 00 00 00 00 00 00 00 00 00 00 00 00 00 00 00 00 00 00 00 00 00 00 00 00 00 00 00 00 00 00 37 46 00 02 00 00 05 00 00 00 00 00 00 00 00 00 00 04 09 C1 F6 20 1C 00 00 00 00 00 28 00 00 00 00 00 00 00 00 00 64 00 00 00 00 4F 00 FC 19 01 05 00 3C 00 1E 00 46 00 28 00 00 00 00 00 00 00 00 00 08 08 18 00 00 00 00 00 00 00 00 00 00 00 00 00 00 00 00 00 00 00 68 01 00 00 00 00 00 00 00 00 4B 00 00 00 00 00 00 00 00 00 00 00 00 00 FF 41 00 FE E5 00 EA FF 4C FF 24 FF 56 FF 2E 00 00 00 00 00 00 00 00 00 08 08 18 00 00 00 00 00 00 00 00 00 00 00 00 00 00 00 00 00 00 00 00 00 00 00 00 00 00 00 00 00 00 00 01 00
2026-07-22 13:00:06,3D 00 36 01 1D 0C 62 0E 00 66 9F 00 00 00 00 FF 63 00 00 00 00 00 00 FF C6 00 00 00 00 01 00 00 00 00 00 00 00 00 00 00 00 00 00 00 00 00 00 00 00 00 00 00 00 00 00 00 00 00 00 00 00 00 00 00 00 00 00 00 00 00 00 00 00 04 09 69 F4 20 1C 00 00 00 00 00 00 00 58 02 00 00 00 00 00 00 64 00 00 00 00 49 00 00 2D 00 05 00 3C 00 1E 00 46 00 28 00 00 00 00 00 00 00 00 00 08 08 18 00 00 00 00 00 00 00 00 00 00 00 00 00 00 00 00 00 00 00 68 01 00 00 00 00 00 00 00 00 00 00 00 00 00 00 00 00 00 00 00 00 00 00 FF 22 00 FF 33 00 EA FF 4C FF 24 FF 56 FF 2E 00 00 00 00 00 00 00 00 00 08 08 08 00 00 00 00 00 00 00 00 00 00 00 00 00 00 00 00 00 00 00 00 00 00 00 00 00 00 00 00 00 00 00 03 00
2026-07-22 13:10:06,3D 00 36 01 1D 0C 62 0E 00 BE A1 00 00 00 00 FF 61 00 00 00 00 00 00 FF D2 00 00 00 00 01 00 00 00 00 00 00 00 00 00 00 00 00 00 00 00 00 00 00 00 00 00 00 00 00 00 00 00 00 00 00 00 00 00 00 00 00 00 00 00 00 00 00 00 04 09 11 F2 20 1C 00 00 00 00 00 00 00 3A 07 00 00 00 00 00 00 64 00 00 00 00 4B 00 00 49 00 05 00 3C 00 1E 00 46 00 28 00 00 00 00 00 00 00 00 00 08 08 18 00 00 00 00 00 00 00 00 00 00 00 00 00 00 00 00 00 00 00 68 01 00 00 00 00 00 00 00 00 00 00 00 00 00 00 00 00 00 00 00 00 00 00 FF 38 00 FF 47 00 EA FF 4C FF 24 FF 56 FF 2E 00 00 00 00 00 00 00 00 00 08 08 08 00 00 00 00 00 00 00 00 00 00 00 00 00 00 00 00 00 00 00 00 00 00 00 00 00 00 00 00 00 00 00 01 00
2026-07-22 13:20:06,3D 00 36 01 1D 0C 62 0E 00 16 A4 00 00 00 00 FF 6B 00 00 00 00 00 00 FF D7 00 00 00 00 01 00 00 00 00 00 00 00 00 00 00 00 00 00 00 00 00 00 00 00 00 00 00 00 00 00 00 00 00 00 00 00 00 00 00 00 00 00 00 00 00 00 00 00 04 09 B9 EF 20 1C 00 00 00 00 00 00 00 00 00 00 00 00 00 00 00 64 00 00 00 00 4F 00 00 4F 00 05 00 3C 00 1E 00 46 00 28 00 00 00 00 00 00 00 00 00 08 08 18 00 00 00 00 00 00 00 00 00 00 00 00 00 00 00 00 00 00 00 68 01 00 00 00 00 00 00 00 00 00 00 00 00 00 00 00 00 00 00 00 00 00 00 FF 4B 00 FF 5B 00 EA FF 4C FF 24 FF 56 FF 2E 00 00 00 00 00 00 00 00 00 08 08 08 00 00 00 00 00 00 00 00 00 00 00 00 00 00 00 00 00 00 00 00 00 00 00 00 00 00 00 00 00 00 00 01 00
2026-07-22 13:30:06,3D 00 36 01 1D 0C 62 0E 00 6E A6 00 00 00 00 FF 65 00 00 00 00 00 00 FF BD 00 00 00 00 00 00 00 00 00 00 00 00 00 00 00 00 00 00 00 00 00 00 00 00 00 00 00 00 00 00 00 00 00 00 00 00 00 00 00 00 00 00 00 00 00 00 00 00 04 09 61 ED 20 1C 00 00 00 00 00 00 00 58 02 00 00 00 00 00 00 64 00 00 00 00 43 00 00 0C 00 05 00 3C 00 1E 00 46 00 28 00 00 00 00 00 00 00 00 00 08 08 18 00 00 00 00 00 00 00 00 00 00 00 00 00 00 00 00 00 00 00 68 01 00 00 00 00 00 00 00 00 00 00 00 00 01 00 00 00 00 00 00 00 00 00 FF 1E 00 FF 27 00 EA FF 4C FF 24 FF 56 FF 2E 00 00 00 00 00 00 00 00 00 18 08 08 00 00 00 00 00 00 00 00 00 00 00 00 00 00 00 00 00 00 00 00 00 00 00 00 00 00 00 00 00 00 00 01 00
2026-07-22 13:40:06,3D 00 36 01 1D 0C 62 0F 00 C6 A8 00 00 00 00 FF 62 00 00 00 00 00 00 FF D0 00 00 00 00 00 00 00 00 00 00 00 00 00 00 00 00 00 00 00 00 00 00 00 00 00 00 00 00 00 00 00 00 00 00 00 00 00 00 00 00 00 00 00 00 00 00 00 01 00 0A FF FF 20 1C 00 00 00 00 00 00 00 3A 07 00 00 00 00 00 00 64 00 00 00 00 53 00 00 41 00 05 00 3C 00 1E 00 46 00 28 00 00 00 00 00 00 00 00 00 08 08 18 00 00 00 00 00 00 00 00 00 00 00 00 00 00 00 00 00 00 00 68 01 00 00 00 00 00 00 00 00 00 00 00 00 00 00 00 00 00 00 00 00 00 00 FF 4A 00 FF 41 00 EA FF 4C FF 24 FF 56 FF 2E 00 00 00 00 00 00 00 00 00 08 08 08 00 00 00 00 00 00 00 00 00 00 00 00 00 00 00 00 00 00 00 00 00 00 00 00 00 00 00 00 00 00 00 01 00
2026-07-22 13:50:06,3D 00 36 01 1D 0C 62 0F 00 1E AB 00 00 00 00 FF 76 00 00 00 00 00 00 FF 9D 00 00 00 00 00 00 00 00 00 00 00 00 00 00 00 00 00 00 00 00 00 00 00 00 00 00 00 00 00 00 00 37 46 00 02 00 00 05 00 00 00 00 00 00 00 00 00 01 04 0A C9 FD 20 1C 00 00 00 00 00 28 00 00 00 00 00 00 00 00 00 64 00 00 00 00 4F 00 FF 99 00 05 00 3C 00 1E 00 46 00 28 00 00 00 00 00 00 00 00 00 08 08 18 00 00 00 00 00 00 00 00 00 00 00 00 00 00 00 00 00 00 00 68 01 00 00 00 00 00 00 00 00 4B 00 00 00 00 00 00 00 00 00 00 00 00 00 FF 2A 00 FE C0 00 EA FF 4C FF 24 FF 56 FF 2E 00 00 00 00 00 00 00 00 00 08 08 08 00 00 00 00 00 00 00 00 00 00 00 00 00 00 00 00 00 00 00 00 00 00 00 00 00 00 00 00 00 00 00 01 00
2026-07-22 14:00:06,3D 00 36 01 1D 0C 62 0F 00 76 AD 00 00 00 00 FF 66 00 00 00 00 00 00 FF C4 00 00 00 00 00 00 00 00 00 00 00 00 00 00 00 00 00 00 00 00 00 00 00 00 00 00 00 00 00 00 00 00 00 00 00 00 00 0C 00 00 00 00 00 00 00 00 00 00 04 0A 71 FB 20 1C 00 00 00 00 00 00 00 58 02 00 01 00 00 00 00 64 00 00 00 00 50 00 00 3C 00 05 00 3C 00 1E 00 46 00 28 00 00 00 00 00 00 00 00 00 08 18 18 00 00 00 00 00 00 00 00 00 00 00 00 00 00 00 00 00 00 00 68 01 00 00 00 00 00 00 00 00 00 00 00 00 00 01 00 00 00 00 00 00 00 00 FF 29 00 FF 42 00 EA FF 4C FF 24 FF 56 FF 2E 00 00 00 00 00 00 00 00 00 08 18 08 00 00 00 00 00 00 00 00 00 00 00 00 00 00 00 00 00 00 00 00 00 00 00 00 00 00 00 00 00 00 00 01 00
2026-07-22 14:10:06,3D 00 36 01 1D 0C 62 0F 00 CE AF 00 00 00 00 FF 83 00 00 00 00 00 00 FF D3 00 00 00 00 00 00 00 00 00 00 00 00 00 00 00 00 00 00 00 00 00 00 00 00 00 00 00 00 00 00 00 00 00 00 00 00 00 0C 00 00 00 00 00 00 00 00 00 00 04 0A 19 F9 20 1C 00 00 00 00 00 00 00 3A 07 00 01 00 00 00 00 64 00 00 00 00 53 00 00 50 00 05 00 3C 00 1E 00 46 00 28 00 00 00 00 00 00 00 00 00 08 18 18 00 00 00 00 00 00 00 00 00 00 00 00 00 00 00 00 00 00 00 68 01 00 00 00 00 00 00 00 00 00 00 00 00 00 01 00 00 00 00 00 00 00 00 FF 9C 00 00 8A 00 EA FF 4C FF 24 FF 56 FF 2E 00 00 00 00 00 00 00 00 00 08 18 08 00 00 00 00 00 00 00 00 00 00 00 00 00 00 00 00 00 00 00 00 00 00 00 00 00 00 00 00 00 00 00 01 00
2026-07-22 14:20:06,3D 00 36 01 1D 0C 62 0F 00 26 B2 00 00 00 00 FF B0 00 00 00 00 00 00 FF D5 00 00 00 00 00 00 00 00 00 00 00 00 00 00 00 00 00 00 00 00 00 00 00 00 00 00 00 00 00 00 00 78 46 00 01 00 00 05 00 00 00 00 00 00 00 00 00 02 04 0A C1 F6 20 1C 00 00 00 00 00 3C 00 00 00 00 00 00 00 00 00 64 00 00 00 00 56 00 00 51 00 05 00 3C 00 1E 00 46 00 28 00 00 00 00 00 00 00 00 00 08 08 18 00 00 00 00 00 00 00 00 00 00 00 00 00 00 00 00 00 00 00 68 01 00 00 00 00 00 00 00 00 5A 00 00 00 00 00 00 00 00 00 00 00 00 00 FF C1 00 00 87 00 EA FF 4C FF 24 FF 56 FF 2E 00 00 00 00 00 00 00 00 00 08 08 08 00 00 00 00 00 00 00 00 00 00 00 00 00 00 00 00 00 00 00 00 00 00 00 00 00 00 00 00 00 00 00 01 00
2026-07-22 14:30:06,3D 00 36 01 1D 0C 62 0F 00 7E B4 00 00 00 00 FF B4 00 00 00 00 00 00 FF A0 00 00 00 00 00 00 00 00 00 00 00 00 00 00 00 00 00 00 00 00 00 00 00 00 00 00 00 00 00 00 00 78 46 00 02 00 00 05 00 00 00 00 00 00 00 00 00 02 04 0A 69 F4 20 1C 00 00 00 00 00 28 00 58 02 00 00 00 00 00 00 64 00 00 00 00 3D 00 FF 9B 00 05 00 3C 00 1E 00 46 00 28 00 00 00 00 00 00 00 00 00 08 08 18 00 00 00 00 00 00 00 00 00 00 00 00 00 00 00 00 00 00 00 68 01 00 00 00 00 00 00 00 00 5A 00 00 00 00 00 00 00 00 00 00 00 00 00 FF 48 00 FE C1 00 EA FF 4C FF 24 FF 56 FF 2E 00 00 00 00 00 00 00 00 00 08 08 08 00 00 00 00 00 00 00 00 00 00 00 00 00 00 00 00 00 00 00 00 00 00 00 00 00 00 00 00 00 00 00 01 00
2026-07-22 14:40:06,3D 00 36 01 1D 0C 62 0F 00 D6 B6 00 00 00 00 FF 8A 00 00 00 00 00 00 FF BA 00 00 00 00 00 00 00 00 00 00 00 00 00 00 00 00 00 00 00 00 00 00 00 00 00 00 00 00 00 00 00 00 00 00 00 00 00 00 00 00 00 00 00 00 00 00 00 00 06 0A 11 F2 20 1C 00 00 00 00 00 00 00 3A 07 00 00 00 00 00 00 64 00 00 00 00 3B 00 00 16 00 05 00 3C 00 1E 00 46 00 28 00 00 00 00 00 00 00 00 00 08 08 18 00 00 00 00 00 00 00 00 00 00 00 00 00 00 00 00 00 00 00 68 01 00 00 00 00 00 00 00 00 00 00 00 00 00 00 00 00 00 00 00 00 00 00 FF 22 00 FF 30 00 EA FF 4C FF 24 FF 56 FF 2E 00 00 00 00 00 00 00 00 00 08 08 08 00 00 00 00 00 00 00 00 00 00 00 00 00 00 00 00 00 00 00 00 00 00 00 00 00 00 00 00 00 00 00 01 00
2026-07-22 14:50:06,3D 00 36 01 1D 0C 62 0F 00 2E B9 00 00 00 00 FF 77 00 00 00 00 00 00 FF CF 00 00 00 00 00 00 00 00 00 00 00 00 00 00 00 00 00 00 00 00 00 00 00 00 00 00 00 00 00 00 00 00 00 00 00 00 00 00 00 00 00 00 00 00 00 00 00 00 04 0A B9 EF 20 1C 00 00 00 00 00 00 00 00 00 00 00 00 00 00 00 64 00 00 00 00 3E 00 00 3A 00 05 00 3C 00 1E 00 46 00 28 00 00 00 00 00 00 00 00 00 08 08 18 00 00 00 00 00 00 00 00 00 00 00 00 00 00 00 00 00 00 00 68 01 00 00 00 00 00 00 00 00 00 00 00 00 00 00 00 00 00 00 00 00 00 00 FF 35 00 FF 47 00 EA FF 4C FF 24 FF 56 FF 2E 00 00 00 00 00 00 00 00 00 08 08 08 00 00 00 00 00 00 00 00 00 00 00 00 00 00 00 00 00 00 00 00 00 00 00 00 00 00 00 00 00 00 00 01 00
2026-07-22 15:00:06,3D 00 36 01 1D 0C 62 0E 00 86 BB 00 00 00 00 FF 75 00 00 00 00 00 00 FF D4 00 00 00 00 00 00 00 00 00 00 00 00 00 00 00 00 00 00 00 00 00 00 00 00 00 00 00 00 00 00 00 00 00 00 00 00 00 00 00 00 00 00 00 00 00 00 00 00 04 0A 61 ED 20 1C 00 00 00 00 00 00 00 58 02 00 00 00 00 00 00 64 00 00 00 00 42 00 00 41 00 05 00 3C 00 1E 00 46 00 28 00 00 00 00 00 00 00 00 00 08 08 18 00 00 00 00 00 00 00 00 00 00 00 00 00 00 00 00 00 00 00 68 01 00 00 00 00 00 00 00 00 00 00 00 00 00 00 00 00 00 00 00 00 00 00 FF 49 00 FF 5A 00 EA FF 4C FF 24 FF 56 FF 2E 00 00 00 00 00 00 00 00 00 08 08 08 00 00 00 00 00 00 00 00 00 00 00 00 00 00 00 00 00 00 00 00 00 00 00 00 00 00 00 00 00 00 00 01 00
2026-07-22 15:10:06,3D 00 36 01 1D 0C 62 0E 00 DE BD 00 00 00 00 FF 6C 00 00 00 00 00 00 FF BC 00 00 00 00 00 00 00 00 00 00 00 00 00 00 00 00 00 00 00 00 00 00 00 00 00 00 00 00 00 00 00 00 00 00 00 00 00 00 00 00 00 00 00 00 00 00 00 00 00 0B FF FF 20 1C 00 00 00 00 00 00 00 3A 07 00 00 00 00 00 00 64 00 00 00 00 48 00 FF FB 00 05 00 3C 00 1E 00 46 00 28 00 00 00 00 00 00 00 00 00 08 08 18 00 00 00 00 00 00 00 00 00 00 00 00 00 00 00 00 00 00 00 68 01 00 00 00 00 00 00 00 00 00 00 00 00 00 00 00 00 00 00 00 00 00 00 FF 37 00 FF 22 00 EA FF 4C FF 24 FF 56 FF 2E 00 00 00 00 00 00 00 00 00 08 08 08 00 00 00 00 00 00 00 00 00 00 00 00 00 00 00 00 00 00 00 00 00 00 00 00 00 00 00 00 00 00 00 01 00
2026-07-22 15:20:07,3D 00 36 01 1D 0C 62 0E 00 37 C0 00 00 00 00 FF 79 00 00 00 00 00 00 FF 9A 00 00 00 00 00 00 00 00 00 00 00 00 00 00 00 00 00 00 00 00 00 00 00 00 00 00 00 00 00 00 00 00 00 00 00 00 00 00 00 00 00 00 00 00 00 00 00 00 04 0B C8 FD 20 1C 00 00 00 00 00 00 00 00 00 00 00 00 00 00 00 64 00 00 00 00 4D 00 FF 9C 00 05 00 3C 00 1E 00 46 00 28 00 00 00 00 00 00 00 00 00 18 08 18 00 00 00 00 00 00 00 00 00 00 00 00 00 00 00 00 00 00 00 68 01 00 00 00 00 00 00 00 00 00 00 00 00 00 00 00 00 00 00 00 00 00 00 FF 22 00 FE CC 00 EA FF 4C FF 24 FF 56 FF 2E 00 00 00 00 00 00 00 00 00 08 08 08 00 00 00 00 00 00 00 00 00 00 00 00 00 00 00 00 00 00 00 00 00 00 00 00 00 00 00 00 00 00 00 01 00
2026-07-22 15:30:06,3D 00 36 01 1D 0C 62 0E 00 8E C2 00 00 00 00 FF 68 00 00 00 00 00 00 FF C6 00 00 00 00 00 00 00 00 00 00 00 00 00 00 00 00 00 00 00 00 00 00 00 00 00 00 00 00 00 00 00 00 00 00 00 00 00 00 00 00 00 00 00 00 00 00 00 00 04 0B 71 FB 20 1C 00 00 00 00 00 00 00 58 02 00 00 00 00 00 00 64 00 00 00 00 50 00 00 3E 00 05 00 3C 00 1E 00 46 00 28 00 00 00 00 00 00 00 00 00 18 08 18 00 00 00 00 00 00 00 00 00 00 00 00 00 00 00 00 00 00 00 68 01 00 00 00 00 00 00 00 00 00 00 00 00 00 00 00 00 00 00 00 00 00 00 FF 29 00 FF 3A 00 EA FF 4C FF 24 FF 56 FF 2E 00 00 00 00 00 00 00 00 00 08 08 08 00 00 00 00 00 00 00 00 00 00 00 00 00 00 00 00 00 00 00 00 00 00 00 00 00 00 00 00 00 00 00 01 00
2026-07-22 15:40:06,3D 00 36 01 1D 0C 62 0E 00 E6 C4 00 00 00 00 FF 68 00 00 00 00 00 00 FF D2 00 00 00 00 00 00 00 00 00 00 00 00 00 00 00 00 00 00 00 00 00 00 00 00 00 00 00 00 00 00 00 00 00 00 00 00 00 00 00 00 00 00 00 00 00 00 00 00 04 0B 19 F9 20 1C 00 00 00 00 00 00 00 3A 07 00 00 00 00 00 00 64 00 00 00 00 54 00 00 51 00 05 00 3C 00 1E 00 46 00 28 00 00 00 00 00 00 00 00 00 08 08 18 00 00 00 00 00 00 00 00 00 00 00 00 00 00 00 00 00 00 00 68 01 00 00 00 00 00 00 00 00 00 00 00 00 00 00 00 00 00 00 00 00 00 00 FF 3C 00 FF 4D 00 EA FF 4C FF 24 FF 56 FF 2E 00 00 00 00 00 00 00 00 00 08 08 08 00 00 00 00 00 00 00 00 00 00 00 00 00 00 00 00 00 00 00 00 00 00 00 00 00 00 00 00 00 00 00 01 00
2026-07-22 15:50:06,3D 00 36 01 1D 0C 62 0E 00 3E C7 00 00 00 00 FF 6F 00 00 00 00 00 00 FF C2 00 00 00 00 00 00 00 00 00 00 00 00 00 00 00 00 00 00 00 00 00 00 00 00 00 00 00 00 00 00 00 37 46 00 02 00 00 05 00 00 00 00 00 00 00 00 00 00 04 0B C1 F6 20 1C 00 00 00 00 00 28 00 00 00 00 00 00 00 00 00 64 00 00 00 00 4F 00 FC 19 01 05 00 3C 00 1E 00 46 00 28 00 00 00 00 00 00 00 00 00 08 08 18 00 00 00 00 00 00 00 00 00 00 00 00 00 00 00 00 00 00 00 68 01 00 00 00 00 00 00 00 00 4B 00 00 00 00 00 00 00 00 00 00 00 00 00 FF 40 00 FE E6 00 EA FF 4C FF 24 FF 56 FF 2E 00 00 00 00 00 00 00 00 00 08 08 18 00 00 00 00 00 00 00 00 00 00 00 00 00 00 00 00 00 00 00 00 00 00 00 00 00 00 00 00 00 00 00 01 00
2026-07-22 16:00:06,3D 00 36 01 1D 0C 62 0E 00 96 C9 00 00 00 00 FF 65 00 00 00 00 00 00 FF C7 00 00 00 00 01 00 00 00 00 00 00 00 00 00 00 00 00 00 00 00 00 00 00 00 00 00 00 00 00 00 00 00 00 00 00 00 00 00 00 00 00 00 00 00 00 00 00 00 04 0B 69 F4 20 1C 00 00 00 00 00 00 00 58 02 00 00 00 00 00 00 64 00 00 00 00 49 00 00 2D 00 05 00 3C 00 1E 00 46 00 28 00 00 00 00 00 00 00 00 00 08 08 18 00 00 00 00 00 00 00 00 00 00 00 00 00 00 00 00 00 00 00 68 01 00 00 00 00 00 00 00 00 00 00 00 00 00 00 00 00 00 00 00 00 00 00 FF 24 00 FF 32 00 EA FF 4C FF 24 FF 56 FF 2E 00 00 00 00 00 00 00 00 00 08 08 08 00 00 00 00 00 00 00 00 00 00 00 00 00 00 00 00 00 00 00 00 00 00 00 00 00 00 00 00 00 00 00 03 00
2026-07-22 16:10:06,3D 00 36 01 1D 0C 62 0E 00 EE CB 00 00 00 00 FF 62 00 00 00 00 00 00 FF D3 00 00 00 00 01 00 00 00 00 00 00 00 00 00 00 00 00 00 00 00 00 00 00 00 00 00 00 00 00 00 00 00 00 00 00 00 00 00 00 00 00 00 00 00 00 00 00 00 04 0B 11 F2 20 1C 00 00 00 00 00 00 00 3A 07 00 00 00 00 00 00 64 00 00 00 00 4D 00 00 48 00 05 00 3C 00 1E 00 46 00 28 00 00 00 00 00 00 00 00 00 08 08 18 00 00 00 00 00 00 00 00 00 00 00 00 00 00 00 00 00 00 00 68 01 00 00 00 00 00 00 00 00 00 00 00 00 00 00 00 00 00 00 00 00 00 00 FF 38 00 FF 47 00 EA FF 4C FF 24 FF 56 FF 2E 00 00 00 00 00 00 00 00 00 08 08 08 00 00 00 00 00 00 00 00 00 00 00 00 00 00 00 00 00 00 00 00 00 00 00 00 00 00 00 00 00 00 00 01 00
2026-07-22 16:20:06,3D 00 36 01 1D 0C 62 0E 00 46 CE 00 00 00 00 FF 6B 00 00 00 00 00 00 FF D6 00 00 00 00 01 00 00 00 00 00 00 00 00 00 00 00 00 00 00 00 00 00 00 00 00 00 00 00 00 00 00 00 00 00 00 00 00 00 00 00 00 00 00 00 00 00 00 00 04 0B B9 EF 20 1C 00 00 00 00 00 00 00 00 00 00 00 00 00 00 00 64 00 00 00 00 50 00 00 4E 00 05 00 3C 00 1E 00 46 00 28 00 00 00 00 00 00 00 00 00 08 08 18 00 00 00 00 00 00 00 00 00 00 00 00 00 00 00 00 00 00 00 68 01 00 00 00 00 00 00 00 00 00 00 00 00 00 00 00 00 00 00 00 00 00 00 FF 4B 00 FF 5B 00 EA FF 4C FF 24 FF 56 FF 2E 00 00 00 00 00 00 00 00 00 08 08 08 00 00 00 00 00 00 00 00 00 00 00 00 00 00 00 00 00 00 00 00 00 00 00 00 00 00 00 00 00 00 00 01 00
2026-07-22 16:30:06,3D 00 36 01 1D 0C 62 0E 00 9E D0 00 00 00 00 FF 66 00 00 00 00 00 00 FF BE 00 00 00 00 00 00 00 00 00 00 00 00 00 00 00 00 00 00 00 00 00 00 00 00 00 00 00 00 00 00 00 00 00 00 00 00 00 00 00 00 00 00 00 00 00 00 00 00 04 0B 61 ED 20 1C 00 00 00 00 00 00 00 58 02 00 00 00 00 00 00 64 00 00 00 00 44 00 00 0B 00 05 00 3C 00 1E 00 46 00 28 00 00 00 00 00 00 00 00 00 08 08 18 00 00 00 00 00 00 00 00 00 00 00 00 00 00 00 00 00 00 00 68 01 00 00 00 00 00 00 00 00 00 00 00 00 01 00 00 00 00 00 00 00 00 00 FF 1D 00 FF 25 00 EA FF 4C FF 24 FF 56 FF 2E 00 00 00 00 00 00 00 00 00 18 08 08 00 00 00 00 00 00 00 00 00 00 00 00 00 00 00 00 00 00 00 00 00 00 00 00 00 00 00 00 00 00 00 01 00
2026-07-22 16:40:06,3D 00 36 01 1D 0C 62 0F 00 F6 D2 00 00 00 00 FF 60 00 00 00 00 00 00 FF D1 00 00 00 00 00 00 00 00 00 00 00 00 00 00 00 00 00 00 00 00 00 00 00 00 00 00 00 00 00 00 00 00 00 00 00 00 00 00 00 00 00 00 00 00 00 00 00 01 00 0C FF FF 20 1C 00 00 00 00 00 00 00 3A 07 00 00 00 00 00 00 64 00 00 00 00 54 00 00 41 00 05 00 3C 00 1E 00 46 00 28 00 00 00 00 00 00 00 00 00 08 08 18 00 00 00 00 00 00 00 00 00 00 00 00 00 00 00 00 00 00 00 68 01 00 00 00 00 00 00 00 00 00 00 00 00 00 00 00 00 00 00 00 00 00 00 FF 4A 00 FF 43 00 EA FF 4C FF 24 FF 56 FF 2E 00 00 00 00 00 00 00 00 00 08 08 08 00 00 00 00 00 00 00 00 00 00 00 00 00 00 00 00 00 00 00 00 00 00 00 00 00 00 00 00 00 00 00 01 00
2026-07-22 16:50:06,3D 00 36 01 1D 0C 62 0F 00 4E D5 00 00 00 00 FF 76 00 00 00 00 00 00 FF 9F 00 00 00 00 00 00 00 00 00 00 00 00 00 00 00 00 00 00 00 00 00 00 00 00 00 00 00 00 00 00 00 37 46 00 02 00 00 05 00 00 00 00 00 00 00 00 00 01 04 0C C9 FD 20 1C 00 00 00 00 00 28 00 00 00 00 00 00 00 00 00 64 00 00 00 00 4E 00 FF 99 00 05 00 3C 00 1E 00 46 00 28 00 00 00 00 00 00 00 00 00 08 08 18 00 00 00 00 00 00 00 00 00 00 00 00 00 00 00 00 00 00 00 68 01 00 00 00 00 00 00 00 00 4B 00 00 00 00 00 00 00 00 00 00 00 00 00 FF 29 00 FE C0 00 EA FF 4C FF 24 FF 56 FF 2E 00 00 00 00 00 00 00 00 00 08 08 08 00 00 00 00 00 00 00 00 00 00 00 00 00 00 00 00 00 00 00 00 00 00 00 00 00 00 00 00 00 00 00 01 00
2026-07-22 17:00:06,3D 00 36 01 1D 0C 62 0F 00 A6 D7 00 00 00 00 FF 66 00 00 00 00 00 00 FF C4 00 00 00 00 00 00 00 00 00 00 00 00 00 00 00 00 00 00 00 00 00 00 00 00 00 00 00 00 00 00 00 00 00 00 00 00 00 0C 00 00 00 00 00 00 00 00 00 00 04 0C 71 FB 20 1C 00 00 00 00 00 00 00 58 02 00 01 00 00 00 00 64 00 00 00 00 51 00 00 3D 00 05 00 3C 00 1E 00 46 00 28 00 00 00 00 00 00 00 00 00 08 18 18 00 00 00 00 00 00 00 00 00 00 00 00 00 00 00 00 00 00 00 68 01 00 00 00 00 00 00 00 00 00 00 00 00 00 01 00 00 00 00 00 00 00 00 FF 2A 00 FF 42 00 EA FF 4C FF 24 FF 56 FF 2E 00 00 00 00 00 00 00 00 00 08 18 08 00 00 00 00 00 00 00 00 00 00 00 00 00 00 00 00 00 00 00 00 00 00 00 00 00 00 00 00 00 00 00 01 00
2026-07-22 17:10:06,3D 00 36 01 1D 0C 62 0F 00 FE D9 00 00 00 00 FF 83 00 00 00 00 00 00 FF D3 00 00 00 00 00 00 00 00 00 00 00 00 00 00 00 00 00 00 00 00 00 00 00 00 00 00 00 00 00 00 00 00 00 00 00 00 00 0C 00 00 00 00 00 00 00 00 00 00 04 0C 19 F9 20 1C 00 00 00 00 00 00 00 3A 07 00 01 00 00 00 00 64 00 00 00 00 54 00 00 51 00 05 00 3C 00 1E 00 46 00 28 00 00 00 00 00 00 00 00 00 08 18 18 00 00 00 00 00 00 00 00 00 00 00 00 00 00 00 00 00 00 00 68 01 00 00 00 00 00 00 00 00 00 00 00 00 00 01 00 00 00 00 00 00 00 00 FF 9D 00 00 89 00 EA FF 4C FF 24 FF 56 FF 2E 00 00 00 00 00 00 00 00 00 08 18 08 00 00 00 00 00 00 00 00 00 00 00 00 00 00 00 00 00 00 00 00 00 00 00 00 00 00 00 00 00 00 00 01 00
2026-07-22 17:20:06,3D 00 36 01 1D 0C 62 0F 00 56 DC 00 00 00 00 FF AF 00 00 00 00 00 00 FF D4 00 00 00 00 00 00 00 00 00 00 00 00 00 00 00 00 00 00 00 00 00 00 00 00 00 00 00 00 00 00 00 78 46 00 01 00 00 05 00 00 00 00 00 00 00 00 00 02 04 0C C1 F6 20 1C 00 00 00 00 00 3C 00 00 00 00 00 00 00 00 00 64 00 00 00 00 57 00 00 50 00 05 00 3C 00 1E 00 46 00 28 00 00 00 00 00 00 00 00 00 08 08 18 00 00 00 00 00 00 00 00 00 00 00 00 00 00 00 00 00 00 00 68 01 00 00 00 00 00 00 00 00 5A 00 00 00 00 00 00 00 00 00 00 00 00 00 FF C1 00 00 86 00 EA FF 4C FF 24 FF 56 FF 2E 00 00 00 00 00 00 00 00 00 08 08 08 00 00 00 00 00 00 00 00 00 00 00 00 00 00 00 00 00 00 00 00 00 00 00 00 00 00 00 00 00 00 00 01 00
2026-07-22 17:30:06,3D 00 36 01 1D 0C 62 0F 00 AE DE 00 00 00 00 FF B5 00 00 00 00 00 00 FF 9F 00 00 00 00 00 00 00 00 00 00 00 00 00 00 00 00 00 00 00 00 00 00 00 00 00 00 00 00 00 00 00 78 46 00 02 00 00 05 00 00 00 00 00 00 00 00 00 02 04 0C 69 F4 20 1C 00 00 00 00 00 28 00 58 02 00 00 00 00 00 00 64 00 00 00 00 3F 00 FF 9A 00 05 00 3C 00 1E 00 46 00 28 00 00 00 00 00 00 00 00 00 08 08 18 00 00 00 00 00 00 00 00 00 00 00 00 00 00 00 00 00 00 00 68 01 00 00 00 00 00 00 00 00 5A 00 00 00 00 00 00 00 00 00 00 00 00 00 FF 48 00 FE C2 00 EA FF 4C FF 24 FF 56 FF 2E 00 00 00 00 00 00 00 00 00 08 08 08 00 00 00 00 00 00 00 00 00 00 00 00 00 00 00 00 00 00 00 00 00 00 00 00 00 00 00 00 00 00 00 01 00
2026-07-22 17:40:07,3D 00 36 01 1D 0C 62 0F 00 07 E1 00 00 00 00 FF 89 00 00 00 00 00 00 FF BB 00 00 00 00 00 00 00 00 00 00 00 00 00 00 00 00 00 00 00 00 00 00 00 00 00 00 00 00 00 00 00 00 00 00 00 00 00 00 00 00 00 00 00 00 00 00 00 00 06 0C 10 F2 20 1C 00 00 00 00 00 00 00 3A 07 00 00 00 00 00 00 64 00 00 00 00 3A 00 00 16 00 05 00 3C 00 1E 00 46 00 28 00 00 00 00 00 00 00 00 00 08 08 18 00 00 00 00 00 00 00 00 00 00 00 00 00 00 00 00 00 00 00 68 01 00 00 00 00 00 00 00 00 00 00 00 00 00 00 00 00 00 00 00 00 00 00 FF 22 00 FF 32 00 EA FF 4C FF 24 FF 56 FF 2E 00 00 00 00 00 00 00 00 00 08 08 08 00 00 00 00 00 00 00 00 00 00 00 00 00 00 00 00 00 00 00 00 00 00 00 00 00 00 00 00 00 00 00 01 00
2026-07-22 17:50:06,3D 00 36 01 1D 0C 62 0F 00 5E E3 00 00 00 00 FF 77 00 00 00 00 00 00 FF CE 00 00 00 00 00 00 00 00 00 00 00 00 00 00 00 00 00 00 00 00 00 00 00 00 00 00 00 00 00 00 00 00 00 00 00 00 00 00 00 00 00 00 00 00 00 00 00 00 04 0C B9 EF 20 1C 00 00 00 00 00 00 00 00 00 00 00 00 00 00 00 64 00 00 00 00 3E 00 00 3B 00 05 00 3C 00 1E 00 46 00 28 00 00 00 00 00 00 00 00 00 08 08 18 00 00 00 00 00 00 00 00 00 00 00 00 00 00 00 00 00 00 00 68 01 00 00 00 00 00 00 00 00 00 00 00 00 00 00 00 00 00 00 00 00 00 00 FF 35 00 FF 47 00 EA FF 4C FF 24 FF 56 FF 2E 00 00 00 00 00 00 00 00 00 08 08 08 00 00 00 00 00 00 00 00 00 00 00 00 00 00 00 00 00 00 00 00 00 00 00 00 00 00 00 00 00 00 00 01 00
2026-07-22 18:00:06,3D 00 36 01 1D 0C 62 0E 00 B6 E5 00 00 00 00 FF 76 00 00 00 00 00 00 FF D6 00 00 00 00 00 00 00 00 00 00 00 00 00 00 00 00 00 00 00 00 00 00 00 00 00 00 00 00 00 00 00 00 00 00 00 00 00 00 00 00 00 00 00 00 00 00 00 00 04 0C 61 ED 20 1C 00 00 00 00 00 00 00 58 02 00 00 00 00 00 00 64 00 00 00 00 43 00 00 41 00 05 00 3C 00 1E 00 46 00 28 00 00 00 00 00 00 00 00 00 08 08 18 00 00 00 00 00 00 00 00 00 00 00 00 00 00 00 00 00 00 00 68 01 00 00 00 00 00 00 00 00 00 00 00 00 00 00 00 00 00 00 00 00 00 00 FF 49 00 FF 59 00 EA FF 4C FF 24 FF 56 FF 2E 00 00 00 00 00 00 00 00 00 08 08 08 00 00 00 00 00 00 00 00 00 00 00 00 00 00 00 00 00 00 00 00 00 00 00 00 00 00 00 00 00 00 00 01 00
2026-07-22 18:10:06,3D 00 36 01 1D 0C 62 0E 00 0E E8 00 00 00 00 FF 6D 00 00 00 00 00 00 FF BC 00 00 00 00 00 00 00 00 00 00 00 00 00 00 00 00 00 00 00 00 00 00 00 00 00 00 00 00 00 00 00 00 00 00 00 00 00 00 00 00 00 00 00 00 00 00 00 00 00 0D FF FF 20 1C 00 00 00 00 00 00 00 3A 07 00 00 00 00 00 00 64 00 00 00 00 48 00 FF FC 00 05 00 3C 00 1E 00 46 00 28 00 00 00 00 00 00 00 00 00 08 08 18 00 00 00 00 00 00 00 00 00 00 00 00 00 00 00 00 00 00 00 68 01 00 00 00 00 00 00 00 00 00 00 00 00 00 00 00 00 00 00 00 00 00 00 FF 37 00 FF 22 00 EA FF 4C FF 24 FF 56 FF 2E 00 00 00 00 00 00 00 00 00 08 08 08 00 00 00 00 00 00 00 00 00 00 00 00 00 00 00 00 00 00 00 00 00 00 00 00 00 00 00 00 00 00 00 01 00
2026-07-22 18:20:06,3D 00 36 01 1D 0C 62 0E 00 66 EA 00 00 00 00 FF 79 00 00 00 00 00 00 FF 99 00 00 00 00 00 00 00 00 00 00 00 00 00 00 00 00 00 00 00 00 00 00 00 00 00 00 00 00 00 00 00 00 00 00 00 00 00 00 00 00 00 00 00 00 00 00 00 00 04 0D C9 FD 20 1C 00 00 00 00 00 00 00 00 00 00 00 00 00 00 00 64 00 00 00 00 4D 00 FF 9A 00 05 00 3C 00 1E 00 46 00 28 00 00 00 00 00 00 00 00 00 18 08 18 00 00 00 00 00 00 00 00 00 00 00 00 00 00 00 00 00 00 00 68 01 00 00 00 00 00 00 00 00 00 00 00 00 00 00 00 00 00 00 00 00 00 00 FF 22 00 FE CA 00 EA FF 4C FF 24 FF 56 FF 2E 00 00 00 00 00 00 00 00 00 08 08 08 00 00 00 00 00 00 00 00 00 00 00 00 00 00 00 00 00 00 00 00 00 00 00 00 00 00 00 00 00 00 00 01 00
2026-07-22 18:30:06,3D 00 36 01 1D 0C 62 0E 00 BE EC 00 00 00 00 FF 67 00 00 00 00 00 00 FF C5 00 00 00 00 00 00 00 00 00 00 00 00 00 00 00 00 00 00 00 00 00 00 00 00 00 00 00 00 00 00 00 00 00 00 00 00 00 00 00 00 00 00 00 00 00 00 00 00 04 0D 71 FB 20 1C 00 00 00 00 00 00 00 58 02 00 00 00 00 00 00 64 00 00 00 00 4F 00 00 3E 00 05 00 3C 00 1E 00 46 00 28 00 00 00 00 00 00 00 00 00 18 08 18 00 00 00 00 00 00 00 00 00 00 00 00 00 00 00 00 00 00 00 68 01 00 00 00 00 00 00 00 00 00 00 00 00 00 00 00 00 00 00 00 00 00 00 FF 28 00 FF 3A 00 EA FF 4C FF 24 FF 56 FF 2E 00 00 00 00 00 00 00 00 00 08 08 08 00 00 00 00 00 00 00 00 00 00 00 00 00 00 00 00 00 00 00 00 00 00 00 00 00 00 00 00 00 00 00 01 00
2026-07-22 18:40:06,3D 00 36 01 1D 0C 62 0E 00 16 EF 00 00 00 00 FF 66 00 00 00 00 00 00 FF D2 00 00 00 00 00 00 00 00 00 00 00 00 00 00 00 00 00 00 00 00 00 00 00 00 00 00 00 00 00 00 00 00 00 00 00 00 00 00 00 00 00 00 00 00 00 00 00 00 04 0D 19 F9 20 1C 00 00 00 00 00 00 00 3A 07 00 00 00 00 00 00 64 00 00 00 00 55 00 00 51 00 05 00 3C 00 1E 00 46 00 28 00 00 00 00 00 00 00 00 00 08 08 18 00 00 00 00 00 00 00 00 00 00 00 00 00 00 00 00 00 00 00 68 01 00 00 00 00 00 00 00 00 00 00 00 00 00 00 00 00 00 00 00 00 00 00 FF 3D 00 FF 4E 00 EA FF 4C FF 24 FF 56 FF 2E 00 00 00 00 00 00 00 00 00 08 08 08 00 00 00 00 00 00 00 00 00 00 00 00 00 00 00 00 00 00 00 00 00 00 00 00 00 00 00 00 00 00 00 01 00
2026-07-22 18:50:06,3D 00 36 01 1D 0C 62 0E 00 6E F1 00 00 00 00 FF 6E 00 00 00 00 00 00 FF C2 00 00 00 00 00 00 00 00 00 00 00 00 00 00 00 00 00 00 00 00 00 00 00 00 00 00 00 00 00 00 00 37 46 00 02 00 00 05 00 00 00 00 00 00 00 00 00 00 04 0D C1 F6 20 1C 00 00 00 00 00 28 00 00 00 00 00 00 00 00 00 64 00 00 00 00 4F 00 FC 19 01 05 00 3C 00 1E 00 46 00 28 00 00 00 00 00 00 00 00 00 08 08 18 00 00 00 00 00 00 00 00 00 00 00 00 00 00 00 00 00 00 00 68 01 00 00 00 00 00 00 00 00 4B 00 00 00 00 00 00 00 00 00 00 00 00 00 FF 41 00 FE E5 00 EA FF 4C FF 24 FF 56 FF 2E 00 00 00 00 00 00 00 00 00 08 08 18 00 00 00 00 00 00 00 00 00 00 00 00 00 00 00 00 00 00 00 00 00 00 00 00 00 00 00 00 00 00 00 01 00
2026-07-22 19:00:06,3D 00 36 01 1D 0C 62 0E 00 C6 F3 00 00 00 00 FF 64 00 00 00 00 00 00 FF C5 00 00 00 00 01 00 00 00 00 00 00 00 00 00 00 00 00 00 00 00 00 00 00 00 00 00 00 00 00 00 00 00 00 00 00 00 00 00 00 00 00 00 00 00 00 00 00 00 04 0D 69 F4 20 1C 00 00 00 00 00 00 00 58 02 00 00 00 00 00 00 64 00 00 00 00 4A 00 00 2C 00 05 00 3C 00 1E 00 46 00 28 00 00 00 00 00 00 00 00 00 08 08 18 00 00 00 00 00 00 00 00 00 00 00 00 00 00 00 00 00 00 00 68 01 00 00 00 00 00 00 00 00 00 00 00 00 00 00 00 00 00 00 00 00 00 00 FF 23 00 FF 33 00 EA FF 4C FF 24 FF 56 FF 2E 00 00 00 00 00 00 00 00 00 08 08 08 00 00 00 00 00 00 00 00 00 00 00 00 00 00 00 00 00 00 00 00 00 00 00 00 00 00 00 00 00 00 00 03 00
2026-07-22 19:10:06,3D 00 36 01 1D 0C 62 0E 00 1E F6 00 00 00 00 FF 62 00 00 00 00 00 00 FF D2 00 00 00 00 01 00 00 00 00 00 00 00 00 00 00 00 00 00 00 00 00 00 00 00 00 00 00 00 00 00 00 00 00 00 00 00 00 00 00 00 00 00 00 00 00 00 00 00 04 0D 11 F2 20 1C 00 00 00 00 00 00 00 3A 07 00 00 00 00 00 00 64 00 00 00 00 4C 00 00 48 00 05 00 3C 00 1E 00 46 00 28 00 00 00 00 00 00 00 00 00 08 08 18 00 00 00 00 00 00 00 00 00 00 00 00 00 00 00 00 00 00 00 68 01 00 00 00 00 00 00 00 00 00 00 00 00 00 00 00 00 00 00 00 00 00 00 FF 37 00 FF 48 00 EA FF 4C FF 24 FF 56 FF 2E 00 00 00 00 00 00 00 00 00 08 08 08 00 00 00 00 00 00 00 00 00 00 00 00 00 00 00 00 00 00 00 00 00 00 00 00 00 00 00 00 00 00 00 01 00
2026-07-22 19:20:06,3D 00 36 01 1D 0C 62 0E 00 76 F8 00 00 00 00 FF 6A 00 00 00 00 00 00 FF D6 00 00 00 00 01 00 00 00 00 00 00 00 00 00 00 00 00 00 00 00 00 00 00 00 00 00 00 00 00 00 00 00 00 00 00 00 00 00 00 00 00 00 00 00 00 00 00 00 04 0D B9 EF 20 1C 00 00 00 00 00 00 00 00 00 00 00 00 00 00 00 64 00 00 00 00 51 00 00 4E 00 05 00 3C 00 1E 00 46 00 28 00 00 00 00 00 00 00 00 00 08 08 18 00 00 00 00 00 00 00 00 00 00 00 00 00 00 00 00 00 00 00 68 01 00 00 00 00 00 00 00 00 00 00 00 00 00 00 00 00 00 00 00 00 00 00 FF 4A 00 FF 5C 00 EA FF 4C FF 24 FF 56 FF 2E 00 00 00 00 00 00 00 00 00 08 08 08 00 00 00 00 00 00 00 00 00 00 00 00 00 00 00 00 00 00 00 00 00 00 00 00 00 00 00 00 00 00 00 01 00
2026-07-22 19:30:06,3D 00 36 01 1D 0C 62 0E 00 CE FA 00 00 00 00 FF 66 00 00 00 00 00 00 FF BE 00 00 00 00 00 00 00 00 00 00 00 00 00 00 00 00 00 00 00 00 00 00 00 00 00 00 00 00 00 00 00 00 00 00 00 00 00 00 00 00 00 00 00 00 00 00 00 00 04 0D 61 ED 20 1C 00 00 00 00 00 00 00 58 02 00 00 00 00 00 00 64 00 00 00 00 44 00 00 0C 00 05 00 3C 00 1E 00 46 00 28 00 00 00 00 00 00 00 00 00 08 08 18 00 00 00 00 00 00 00 00 00 00 00 00 00 00 00 00 00 00 00 68 01 00 00 00 00 00 00 00 00 00 00 00 00 01 00 00 00 00 00 00 00 00 00 FF 1D 00 FF 26 00 EA FF 4C FF 24 FF 56 FF 2E 00 00 00 00 00 00 00 00 00 18 08 08 00 00 00 00 00 00 00 00 00 00 00 00 00 00 00 00 00 00 00 00 00 00 00 00 00 00 00 00 00 00 00 01 00
2026-07-22 19:40:06,3D 00 36 01 1D 0C 62 0F 00 26 FD 00 00 00 00 FF 61 00 00 00 00 00 00 FF D0 00 00 00 00 00 00 00 00 00 00 00 00 00 00 00 00 00 00 00 00 00 00 00 00 00 00 00 00 00 00 00 00 00 00 00 00 00 00 00 00 00 00 00 00 00 00 00 01 00 0E FF FF 20 1C 00 00 00 00 00 00 00 3A 07 00 00 00 00 00 00 64 00 00 00 00 53 00 00 40 00 05 00 3C 00 1E 00 46 00 28 00 00 00 00 00 00 00 00 00 08 08 18 00 00 00 00 00 00 00 00 00 00 00 00 00 00 00 00 00 00 00 68 01 00 00 00 00 00 00 00 00 00 00 00 00 00 00 00 00 00 00 00 00 00 00 FF 4A 00 FF 43 00 EA FF 4C FF 24 FF 56 FF 2E 00 00 00 00 00 00 00 00 00 08 08 08 00 00 00 00 00 00 00 00 00 00 00 00 00 00 00 00 00 00 00 00 00 00 00 00 00 00 00 00 00 00 00 01 00
2026-07-22 19:50:06,3D 00 36 01 1D 0C 62 0F 00 7E FF 00 00 00 00 FF 76 00 00 00 00 00 00 FF 9E 00 00 00 00 00 00 00 00 00 00 00 00 00 00 00 00 00 00 00 00 00 00 00 00 00 00 00 00 00 00 00 37 46 00 02 00 00 05 00 00 00 00 00 00 00 00 00 01 04 0E C9 FD 20 1C 00 00 00 00 00 28 00 00 00 00 00 00 00 00 00 64 00 00 00 00 4F 00 FF 99 00 05 00 3C 00 1E 00 46 00 28 00 00 00 00 00 00 00 00 00 08 08 18 00 00 00 00 00 00 00 00 00 00 00 00 00 00 00 00 00 00 00 68 01 00 00 00 00 00 00 00 00 4B 00 00 00 00 00 00 00 00 00 00 00 00 00 FF 2A 00 FE C1 00 EA FF 4C FF 24 FF 56 FF 2E 00 00 00 00 00 00 00 00 00 08 08 08 00 00 00 00 00 00 00 00 00 00 00 00 00 00 00 00 00 00 00 00 00 00 00 00 00 00 00 00 00 00 00 01 00
2026-07-22 20:00:06,3D 00 36 01 1D 0C 62 0F 00 FF FF 00 00 00 00 FF 66 00 00 00 00 00 00 FF C5 00 00 00 00 00 00 00 00 00 00 00 00 00 00 00 00 00 00 00 00 00 00 00 00 00 00 00 00 00 00 00 00 00 00 00 00 00 0C 00 00 00 00 00 00 00 00 00 00 04 0E 71 FB 20 1C 00 00 00 00 00 00 00 58 02 00 01 00 00 00 00 64 00 00 00 00 51 00 00 3D 00 05 00 3C 00 1E 00 46 00 28 00 00 00 00 00 00 00 00 00 08 18 18 00 00 00 00 00 00 00 00 00 00 00 00 00 00 00 00 00 00 00 68 01 00 00 00 00 00 00 00 00 00 00 00 00 00 01 00 00 00 00 00 00 00 00 FF 2A 00 FF 42 00 EA FF 4C FF 24 FF 56 FF 2E 00 00 00 00 00 00 00 00 00 08 18 08 00 00 00 00 00 00 00 00 00 00 00 00 00 00 00 00 00 00 00 00 00 00 00 00 00 00 00 00 00 00 00 01 00
2026-07-22 20:10:07,3D 00 36 01 1D 0C 62 0F 00 FF FF 00 00 00 00 FF 83 00 00 00 00 00 00 FF D3 00 00 00 00 00 00 00 00 00 00 00 00 00 00 00 00 00 00 00 00 00 00 00 00 00 00 00 00 00 00 00 00 00 00 00 00 00 0C 00 00 00 00 00 00 00 00 00 00 04 0E 18 F9 20 1C 00 00 00 00 00 00 00 3A 07 00 01 00 00 00 00 64 00 00 00 00 55 00 00 52 00 05 00 3C 00 1E 00 46 00 28 00 00 00 00 00 00 00 00 00 08 18 18 00 00 00 00 00 00 00 00 00 00 00 00 00 00 00 00 00 00 00 68 01 00 00 00 00 00 00 00 00 00 00 00 00 00 01 00 00 00 00 00 00 00 00 FF 9D 00 00 8B 00 EA FF 4C FF 24 FF 56 FF 2E 00 00 00 00 00 00 00 00 00 08 18 08 00 00 00 00 00 00 00 00 00 00 00 00 00 00 00 00 00 00 00 00 00 00 00 00 00 00 00 00 00 00 00 01 00
2026-07-22 20:20:07,3D 00 36 01 1D 0C 62 0F 00 FF FF 00 00 00 00 FF B0 00 00 00 00 00 00 FF D5 00 00 00 00 00 00 00 00 00 00 00 00 00 00 00 00 00 00 00 00 00 00 00 00 00 00 00 00 00 00 00 78 46 00 01 00 00 05 00 00 00 00 00 00 00 00 00 02 04 0E C0 F6 20 1C 00 00 00 00 00 3C 00 00 00 00 00 00 00 00 00 64 00 00 00 00 58 00 00 50 00 05 00 3C 00 1E 00 46 00 28 00 00 00 00 00 00 00 00 00 08 08 18 00 00 00 00 00 00 00 00 00 00 00 00 00 00 00 00 00 00 00 68 01 00 00 00 00 00 00 00 00 5A 00 00 00 00 00 00 00 00 00 00 00 00 00 FF C2 00 00 81 00 EA FF 4C FF 24 FF 56 FF 2E 00 00 00 00 00 00 00 00 00 08 08 08 00 00 00 00 00 00 00 00 00 00 00 00 00 00 00 00 00 00 00 00 00 00 00 00 00 00 00 00 00 00 00 01 00
2026-07-22 20:30:06,3D 00 36 01 1D 0C 62 0F 00 FF FF 00 00 00 00 FF B5 00 00 00 00 00 00 FF 9F 00 00 00 00 00 00 00 00 00 00 00 00 00 00 00 00 00 00 00 00 00 00 00 00 00 00 00 00 00 00 00 78 46 00 02 00 00 05 00 00 00 00 00 00 00 00 00 02 04 0E 69 F4 20 1C 00 00 00 00 00 28 00 58 02 00 00 00 00 00 00 64 00 00 00 00 3E 00 FF 9B 00 05 00 3C 00 1E 00 46 00 28 00 00 00 00 00 00 00 00 00 08 08 18 00 00 00 00 00 00 00 00 00 00 00 00 00 00 00 00 00 00 00 68 01 00 00 00 00 00 00 00 00 5A 00 00 00 00 00 00 00 00 00 00 00 00 00 FF 48 00 FE C1 00 EA FF 4C FF 24 FF 56 FF 2E 00 00 00 00 00 00 00 00 00 08 08 08 00 00 00 00 00 00 00 00 00 00 00 00 00 00 00 00 00 00 00 00 00 00 00 00 00 00 00 00 00 00 00 01 00
2026-07-22 20:40:06,3D 00 36 01 1D 0C 62 0F 00 FF FF 00 00 00 00 FF 8B 00 00 00 00 00 00 FF BA 00 00 00 00 00 00 00 00 00 00 00 00 00 00 00 00 00 00 00 00 00 00 00 00 00 00 00 00 00 00 00 00 00 00 00 00 00 00 00 00 00 00 00 00 00 00 00 00 06 0E 11 F2 20 1C 00 00 00 00 00 00 00 3A 07 00 00 00 00 00 00 64 00 00 00 00 3B 00 00 17 00 05 00 3C 00 1E 00 46 00 28 00 00 00 00 00 00 00 00 00 08 08 18 00 00 00 00 00 00 00 00 00 00 00 00 00 00 00 00 00 00 00 68 01 00 00 00 00 00 00 00 00 00 00 00 00 00 00 00 00 00 00 00 00 00 00 FF 23 00 FF 31 00 EA FF 4C FF 24 FF 56 FF 2E 00 00 00 00 00 00 00 00 00 08 08 08 00 00 00 00 00 00 00 00 00 00 00 00 00 00 00 00 00 00 00 00 00 00 00 00 00 00 00 00 00 00 00 01 00
2026-07-22 20:50:06,3D 00 36 01 1D 0C 62 0F 00 FF FF 00 00 00 00 FF 77 00 00 00 00 00 00 FF CF 00 00 00 00 00 00 00 00 00 00 00 00 00 00 00 00 00 00 00 00 00 00 00 00 00 00 00 00 00 00 00 00 00 00 00 00 00 00 00 00 00 00 00 00 00 00 00 00 04 0E B9 EF 20 1C 00 00 00 00 00 00 00 00 00 00 00 00 00 00 00 64 00 00 00 00 3E 00 00 3A 00 05 00 3C 00 1E 00 46 00 28 00 00 00 00 00 00 00 00 00 08 08 18 00 00 00 00 00 00 00 00 00 00 00 00 00 00 00 00 00 00 00 68 01 00 00 00 00 00 00 00 00 00 00 00 00 00 00 00 00 00 00 00 00 00 00 FF 36 00 FF 47 00 EA FF 4C FF 24 FF 56 FF 2E 00 00 00 00 00 00 00 00 00 08 08 08 00 00 00 00 00 00 00 00 00 00 00 00 00 00 00 00 00 00 00 00 00 00 00 00 00 00 00 00 00 00 00 01 00
2026-07-22 21:00:06,3D 00 36 01 1D 0C 62 0E 00 FF FF 00 00 00 00 FF 75 00 00 00 00 00 00 FF D5 00 00 00 00 00 00 00 00 00 00 00 00 00 00 00 00 00 00 00 00 00 00 00 00 00 00 00 00 00 00 00 00 00 00 00 00 00 00 00 00 00 00 00 00 00 00 00 00 04 0E 61 ED 20 1C 00 00 00 00 00 00 00 58 02 00 00 00 00 00 00 64 00 00 00 00 43 00 00 40 00 05 00 3C 00 1E 00 46 00 28 00 00 00 00 00 00 00 00 00 08 08 18 00 00 00 00 00 00 00 00 00 00 00 00 00 00 00 00 00 00 00 68 01 00 00 00 00 00 00 00 00 00 00 00 00 00 00 00 00 00 00 00 00 00 00 FF 48 00 FF 5A 00 EA FF 4C FF 24 FF 56 FF 2E 00 00 00 00 00 00 00 00 00 08 08 08 00 00 00 00 00 00 00 00 00 00 00 00 00 00 00 00 00 00 00 00 00 00 00 00 00 00 00 00 00 00 00 01 00
2026-07-22 21:10:06,3D 00 36 01 1D 0C 62 0E 00 FF FF 00 00 00 00 FF 6E 00 00 00 00 00 00 FF BB 00 00 00 00 00 00 00 00 00 00 00 00 00 00 00 00 00 00 00 00 00 00 00 00 00 00 00 00 00 00 00 00 00 00 00 00 00 00 00 00 00 00 00 00 00 00 00 00 00 0F FF FF 20 1C 00 00 00 00 00 00 00 3A 07 00 00 00 00 00 00 64 00 00 00 00 47 00 FF FB 00 05 00 3C 00 1E 00 46 00 28 00 00 00 00 00 00 00 00 00 08 08 18 00 00 00 00 00 00 00 00 00 00 00 00 00 00 00 00 00 00 00 68 01 00 00 00 00 00 00 00 00 00 00 00 00 00 00 00 00 00 00 00 00 00 00 FF 37 00 FF 21 00 EA FF 4C FF 24 FF 56 FF 2E 00 00 00 00 00 00 00 00 00 08 08 08 00 00 00 00 00 00 00 00 00 00 00 00 00 00 00 00 00 00 00 00 00 00 00 00 00 00 00 00 00 00 00 01 00
2026-07-22 21:20:06,3D 00 36 01 1D 0C 62 0E 00 FF FF 00 00 00 00 FF 78 00 00 00 00 00 00 FF 99 00 00 00 00 00 00 00 00 00 00 00 00 00 00 00 00 00 00 00 00 00 00 00 00 00 00 00 00 00 00 00 00 00 00 00 00 00 00 00 00 00 00 00 00 00 00 00 00 04 0F C9 FD 20 1C 00 00 00 00 00 00 00 00 00 00 00 00 00 00 00 64 00 00 00 00 4C 00 FF 9A 00 05 00 3C 00 1E 00 46 00 28 00 00 00 00 00 00 00 00 00 18 08 18 00 00 00 00 00 00 00 00 00 00 00 00 00 00 00 00 00 00 00 68 01 00 00 00 00 00 00 00 00 00 00 00 00 00 00 00 00 00 00 00 00 00 00 FF 23 00 FE CA 00 EA FF 4C FF 24 FF 56 FF 2E 00 00 00 00 00 00 00 00 00 08 08 08 00 00 00 00 00 00 00 00 00 00 00 00 00 00 00 00 00 00 00 00 00 00 00 00 00 00 00 00 00 00 00 01 00
2026-07-22 21:30:06,3D 00 36 01 1D 0C 62 0E 00 FF FF 00 00 00 00 FF 67 00 00 00 00 00 00 FF C4 00 00 00 00 00 00 00 00 00 00 00 00 00 00 00 00 00 00 00 00 00 00 00 00 00 00 00 00 00 00 00 00 00 00 00 00 00 00 00 00 00 00 00 00 00 00 00 00 04 0F 71 FB 20 1C 00 00 00 00 00 00 00 58 02 00 00 00 00 00 00 64 00 00 00 00 51 00 00 3F 00 05 00 3C 00 1E 00 46 00 28 00 00 00 00 00 00 00 00 00 18 08 18 00 00 00 00 00 00 00 00 00 00 00 00 00 00 00 00 00 00 00 68 01 00 00 00 00 00 00 00 00 00 00 00 00 00 00 00 00 00 00 00 00 00 00 FF 29 00 FF 39 00 EA FF 4C FF 24 FF 56 FF 2E 00 00 00 00 00 00 00 00 00 08 08 08 00 00 00 00 00 00 00 00 00 00 00 00 00 00 00 00 00 00 00 00 00 00 00 00 00 00 00 00 00 00 00 01 00
2026-07-22 21:40:06,3D 00 36 01 1D 0C 62 0E 00 FF FF 00 00 00 00 FF 68 00 00 00 00 00 00 FF D2 00 00 00 00 00 00 00 00 00 00 00 00 00 00 00 00 00 00 00 00 00 00 00 00 00 00 00 00 00 00 00 00 00 00 00 00 00 00 00 00 00 00 00 00 00 00 00 00 04 0F 19 F9 20 1C 00 00 00 00 00 00 00 3A 07 00 00 00 00 00 00 64 00 00 00 00 53 00 00 52 00 05 00 3C 00 1E 00 46 00 28 00 00 00 00 00 00 00 00 00 08 08 18 00 00 00 00 00 00 00 00 00 00 00 00 00 00 00 00 00 00 00 68 01 00 00 00 00 00 00 00 00 00 00 00 00 00 00 00 00 00 00 00 00 00 00 FF 3D 00 FF 4E 00 EA FF 4C FF 24 FF 56 FF 2E 00 00 00 00 00 00 00 00 00 08 08 08 00 00 00 00 00 00 00 00 00 00 00 00 00 00 00 00 00 00 00 00 00 00 00 00 00 00 00 00 00 00 00 01 00
2026-07-22 21:50:06,3D 00 36 01 1D 0C 62 0E 00 FF FF 00 00 00 00 FF 6E 00 00 00 00 00 00 FF C2 00 00 00 00 00 00 00 00 00 00 00 00 00 00 00 00 00 00 00 00 00 00 00 00 00 00 00 00 00 00 00 37 46 00 02 00 00 05 00 00 00 00 00 00 00 00 00 00 04 0F C1 F6 20 1C 00 00 00 00 00 28 00 00 00 00 00 00 00 00 00 64 00 00 00 00 4F 00 FC 19 01 05 00 3C 00 1E 00 46 00 28 00 00 00 00 00 00 00 00 00 08 08 18 00 00 00 00 00 00 00 00 00 00 00 00 00 00 00 00 00 00 00 68 01 00 00 00 00 00 00 00 00 4B 00 00 00 00 00 00 00 00 00 00 00 00 00 FF 40 00 FE E5 00 EA FF 4C FF 24 FF 56 FF 2E 00 00 00 00 00 00 00 00 00 08 08 18 00 00 00 00 00 00 00 00 00 00 00 00 00 00 00 00 00 00 00 00 00 00 00 00 00 00 00 00 00 00 00 01 00
2026-07-22 22:00:06,3D 00 36 01 1D 0C 62 0E 00 FF FF 00 00 00 00 FF 63 00 00 00 00 00 00 FF C7 00 00 00 00 01 00 00 00 00 00 00 00 00 00 00 00 00 00 00 00 00 00 00 00 00 00 00 00 00 00 00 00 00 00 00 00 00 00 00 00 00 00 00 00 00 00 00 00 04 0F 69 F4 20 1C 00 00 00 00 00 00 00 58 02 00 00 00 00 00 00 64 00 00 00 00 49 00 00 2D 00 05 00 3C 00 1E 00 46 00 28 00 00 00 00 00 00 00 00 00 08 08 18 00 00 00 00 00 00 00 00 00 00 00 00 00 00 00 00 00 00 00 68 01 00 00 00 00 00 00 00 00 00 00 00 00 00 00 00 00 00 00 00 00 00 00 FF 23 00 FF 33 00 EA FF 4C FF 24 FF 56 FF 2E 00 00 00 00 00 00 00 00 00 08 08 08 00 00 00 00 00 00 00 00 00 00 00 00 00 00 00 00 00 00 00 00 00 00 00 00 00 00 00 00 00 00 00 03 00
2026-07-22 22:10:06,3D 00 36 01 1D 0C 62 0E 00 FF FF 00 00 00 00 FF 63 00 00 00 00 00 00 FF D3 00 00 00 00 01 00 00 00 00 00 00 00 00 00 00 00 00 00 00 00 00 00 00 00 00 00 00 00 00 00 00 00 00 00 00 00 00 00 00 00 00 00 00 00 00 00 00 00 04 0F 11 F2 20 1C 00 00 00 00 00 00 00 3A 07 00 00 00 00 00 00 64 00 00 00 00 4D 00 00 48 00 05 00 3C 00 1E 00 46 00 28 00 00 00 00 00 00 00 00 00 08 08 18 00 00 00 00 00 00 00 00 00 00 00 00 00 00 00 00 00 00 00 68 01 00 00 00 00 00 00 00 00 00 00 00 00 00 00 00 00 00 00 00 00 00 00 FF 36 00 FF 48 00 EA FF 4C FF 24 FF 56 FF 2E 00 00 00 00 00 00 00 00 00 08 08 08 00 00 00 00 00 00 00 00 00 00 00 00 00 00 00 00 00 00 00 00 00 00 00 00 00 00 00 00 00 00 00 01 00
2026-07-22 22:20:06,3D 00 36 01 1D 0C 62 0E 00 FF FF 00 00 00 00 FF 6A 00 00 00 00 00 00 FF D7 00 00 00 00 01 00 00 00 00 00 00 00 00 00 00 00 00 00 00 00 00 00 00 00 00 00 00 00 00 00 00 00 00 00 00 00 00 00 00 00 00 00 00 00 00 00 00 00 04 0F B9 EF 20 1C 00 00 00 00 00 00 00 00 00 00 00 00 00 00 00 64 00 00 00 00 50 00 00 4E 00 05 00 3C 00 1E 00 46 00 28 00 00 00 00 00 00 00 00 00 08 08 18 00 00 00 00 00 00 00 00 00 00 00 00 00 00 00 00 00 00 00 68 01 00 00 00 00 00 00 00 00 00 00 00 00 00 00 00 00 00 00 00 00 00 00 FF 4B 00 FF 5C 00 EA FF 4C FF 24 FF 56 FF 2E 00 00 00 00 00 00 00 00 00 08 08 08 00 00 00 00 00 00 00 00 00 00 00 00 00 00 00 00 00 00 00 00 00 00 00 00 00 00 00 00 00 00 00 01 00
2026-07-22 22:30:06,3D 00 36 01 1D 0C 62 0E 00 FF FF 00 00 00 00 FF 66 00 00 00 00 00 00 FF BD 00 00 00 00 00 00 00 00 00 00 00 00 00 00 00 00 00 00 00 00 00 00 00 00 00 00 00 00 00 00 00 00 00 00 00 00 00 00 00 00 00 00 00 00 00 00 00 00 04 0F 61 ED 20 1C 00 00 00 00 00 00 00 58 02 00 00 00 00 00 00 64 00 00 00 00 44 00 00 0C 00 05 00 3C 00 1E 00 46 00 28 00 00 00 00 00 00 00 00 00 08 08 18 00 00 00 00 00 00 00 00 00 00 00 00 00 00 00 00 00 00 00 68 01 00 00 00 00 00 00 00 00 00 00 00 00 01 00 00 00 00 00 00 00 00 00 FF 1D 00 FF 26 00 EA FF 4C FF 24 FF 56 FF 2E 00 00 00 00 00 00 00 00 00 18 08 08 00 00 00 00 00 00 00 00 00 00 00 00 00 00 00 00 00 00 00 00 00 00 00 00 00 00 00 00 00 00 00 01 00
2026-07-22 22:40:07,3D 00 36 01 1D 0C 62 0F 00 FF FF 00 00 00 00 FF 61 00 00 00 00 00 00 FF D0 00 00 00 00 00 00 00 00 00 00 00 00 00 00 00 00 00 00 00 00 00 00 00 00 00 00 00 00 00 00 00 00 00 00 00 00 00 00 00 00 00 00 00 00 00 00 00 01 00 10 FF FF 20 1C 00 00 00 00 00 00 00 3A 07 00 00 00 00 00 00 64 00 00 00 00 55 00 00 40 00 05 00 3C 00 1E 00 46 00 28 00 00 00 00 00 00 00 00 00 08 08 18 00 00 00 00 00 00 00 00 00 00 00 00 00 00 00 00 00 00 00 68 01 00 00 00 00 00 00 00 00 00 00 00 00 00 00 00 00 00 00 00 00 00 00 FF 4D 00 FF 43 00 EA FF 4C FF 24 FF 56 FF 2E 00 00 00 00 00 00 00 00 00 08 08 08 00 00 00 00 00 00 00 00 00 00 00 00 00 00 00 00 00 00 00 00 00 00 00 00 00 00 00 00 00 00 00 01 00
2026-07-22 22:50:06,3D 00 36 01 1D 0C 62 0F 00 FF FF 00 00 00 00 FF 77 00 00 00 00 00 00 FF 9E 00 00 00 00 00 00 00 00 00 00 00 00 00 00 00 00 00 00 00 00 00 00 00 00 00 00 00 00 00 00 00 37 46 00 02 00 00 05 00 00 00 00 00 00 00 00 00 01 04 10 C9 FD 20 1C 00 00 00 00 00 28 00 00 00 00 00 00 00 00 00 64 00 00 00 00 4F 00 FF 99 00 05 00 3C 00 1E 00 46 00 28 00 00 00 00 00 00 00 00 00 08 08 18 00 00 00 00 00 00 00 00 00 00 00 00 00 00 00 00 00 00 00 68 01 00 00 00 00 00 00 00 00 4B 00 00 00 00 00 00 00 00 00 00 00 00 00 FF 29 00 FE C1 00 EA FF 4C FF 24 FF 56 FF 2E 00 00 00 00 00 00 00 00 00 08 08 08 00 00 00 00 00 00 00 00 00 00 00 00 00 00 00 00 00 00 00 00 00 00 00 00 00 00 00 00 00 00 00 01 00
2026-07-22 23:00:06,3D 00 36 01 1D 0C 62 0F 00 FF FF 00 00 00 00 FF 66 00 00 00 00 00 00 FF C5 00 00 00 00 00 00 00 00 00 00 00 00 00 00 00 00 00 00 00 00 00 00 00 00 00 00 00 00 00 00 00 00 00 00 00 00 00 0C 00 00 00 00 00 00 00 00 00 00 04 10 71 FB 20 1C 00 00 00 00 00 00 00 58 02 00 01 00 00 00 00 64 00 00 00 00 51 00 00 3B 00 05 00 3C 00 1E 00 46 00 28 00 00 00 00 00 00 00 00 00 08 18 18 00 00 00 00 00 00 00 00 00 00 00 00 00 00 00 00 00 00 00 68 01 00 00 00 00 00 00 00 00 00 00 00 00 00 01 00 00 00 00 00 00 00 00 FF 29 00 FF 41 00 EA FF 4C FF 24 FF 56 FF 2E 00 00 00 00 00 00 00 00 00 08 18 08 00 00 00 00 00 00 00 00 00 00 00 00 00 00 00 00 00 00 00 00 00 00 00 00 00 00 00 00 00 00 00 01 00
2026-07-22 23:10:06,3D 00 36 01 1D 0C 62 0F 00 FF FF 00 00 00 00 FF 82 00 00 00 00 00 00 FF D2 00 00 00 00 00 00 00 00 00 00 00 00 00 00 00 00 00 00 00 00 00 00 00 00 00 00 00 00 00 00 00 00 00 00 00 00 00 0C 00 00 00 00 00 00 00 00 00 00 04 10 19 F9 20 1C 00 00 00 00 00 00 00 3A 07 00 01 00 00 00 00 64 00 00 00 00 55 00 00 51 00 05 00 3C 00 1E 00 46 00 28 00 00 00 00 00 00 00 00 00 08 18 18 00 00 00 00 00 00 00 00 00 00 00 00 00 00 00 00 00 00 00 68 01 00 00 00 00 00 00 00 00 00 00 00 00 00 01 00 00 00 00 00 00 00 00 FF 9C 00 00 8A 00 EA FF 4C FF 24 FF 56 FF 2E 00 00 00 00 00 00 00 00 00 08 18 08 00 00 00 00 00 00 00 00 00 00 00 00 00 00 00 00 00 00 00 00 00 00 00 00 00 00 00 00 00 00 00 01 00
2026-07-22 23:20:06,3D 00 36 01 1D 0C 62 0F 00 FF FF 00 00 00 00 FF AE 00 00 00 00 00 00 FF D5 00 00 00 00 00 00 00 00 00 00 00 00 00 00 00 00 00 00 00 00 00 00 00 00 00 00 00 00 00 00 00 78 46 00 01 00 00 05 00 00 00 00 00 00 00 00 00 02 04 10 C1 F6 20 1C 00 00 00 00 00 3C 00 00 00 00 00 00 00 00 00 64 00 00 00 00 56 00 00 50 00 05 00 3C 00 1E 00 46 00 28 00 00 00 00 00 00 00 00 00 08 08 18 00 00 00 00 00 00 00 00 00 00 00 00 00 00 00 00 00 00 00 68 01 00 00 00 00 00 00 00 00 5A 00 00 00 00 00 00 00 00 00 00 00 00 00 FC 19 01 00 86 00 EA FF 4C FF 24 FF 56 FF 2E 00 00 00 00 00 00 00 00 00 08 08 08 00 00 00 00 00 00 00 00 00 00 00 00 00 00 00 00 00 00 00 00 00 00 00 00 00 00 00 00 00 00 00 01 00
2026-07-22 23:30:07,3D 00 36 01 1D 0C 62 0F 00 FF FF 00 00 00 00 FF B5 00 00 00 00 00 00 FF 9F 00 00 00 00 00 00 00 00 00 00 00 00 00 00 00 00 00 00 00 00 00 00 00 00 00 00 00 00 00 00 00 78 46 00 02 00 00 05 00 00 00 00 00 00 00 00 00 02 04 10 68 F4 20 1C 00 00 00 00 00 28 00 BC 02 00 00 00 00 00 00 64 00 00 00 00 3D 00 FF 9A 00 05 00 3C 00 1E 00 46 00 28 00 00 00 00 00 00 00 00 00 08 08 18 00 00 00 00 00 00 00 00 00 00 00 00 00 00 00 00 00 00 00 68 01 00 00 00 00 00 00 00 00 5A 00 00 00 00 00 00 00 00 00 00 00 00 00 FF 48 00 FE C1 00 EA FF 4C FF 24 FF 56 FF 2E 00 00 00 00 00 00 00 00 00 08 08 08 00 00 00 00 00 00 00 00 00 00 00 00 00 00 00 00 00 00 00 00 00 00 00 00 00 00 00 00 00 00 00 01 00
2026-07-22 23:40:06,3D 00 36 01 1D 0C 62 0F 00 FF FF 00 00 00 00 FF 8B 00 00 00 00 00 00 FF BB 00 00 00 00 00 00 00 00 00 00 00 00 00 00 00 00 00 00 00 00 00 00 00 00 00 00 00 00 00 00 00 00 00 00 00 00 00 00 00 00 00 00 00 00 00 00 00 00 06 10 11 F2 20 1C 00 00 00 00 00 00 00 3A 07 00 00 00 00 00 00 64 00 00 00 00 3C 00 00 16 00 05 00 3C 00 1E 00 46 00 28 00 00 00 00 00 00 00 00 00 08 08 18 00 00 00 00 00 00 00 00 00 00 00 00 00 00 00 00 00 00 00 68 01 00 00 00 00 00 00 00 00 00 00 00 00 00 00 00 00 00 00 00 00 00 00 FF 22 00 FF 32 00 EA FF 4C FF 24 FF 56 FF 2E 00 00 00 00 00 00 00 00 00 08 08 08 00 00 00 00 00 00 00 00 00 00 00 00 00 00 00 00 00 00 00 00 00 00 00 00 00 00 00 00 00 00 00 01 00
2026-07-22 23:50:06,3D 00 36 01 1D 0C 62 0F 00 FF FF 00 00 00 00 FF 78 00 00 00 00 00 00 FF CF 00 00 00 00 00 00 00 00 00 00 00 00 00 00 00 00 00 00 00 00 00 00 00 00 00 00 00 00 00 00 00 00 00 00 00 00 00 00 00 00 00 00 00 00 00 00 00 00 04 10 B9 EF 20 1C 00 00 00 00 00 00 00 00 00 00 00 00 00 00 00 64 00 00 00 00 3E 00 00 3A 00 05 00 3C 00 1E 00 46 00 28 00 00 00 00 00 00 00 00 00 08 08 18 00 00 00 00 00 00 00 00 00 00 00 00 00 00 00 00 00 00 00 68 01 00 00 00 00 00 00 00 00 00 00 00 00 00 00 00 00 00 00 00 00 00 00 FF 36 00 FF 46 00 EA FF 4C FF 24 FF 56 FF 2E 00 00 00 00 00 00 00 00 00 08 08 08 00 00 00 00 00 00 00 00 00 00 00 00 00 00 00 00 00 00 00 00 00 00 00 00 00 00 00 00 00 00 00 01 00
