timestamp,raw_hex
2026-07-23 00:00:06,3D,00,36,01,1D,0C,62,0E,00,FF,FF,00,00,00,00,FF,75,00,00,00,00,00,00,FF,D5,00,00,00,00,00,00,00,00,00,00,00,00,00,00,00,00,00,00,00,00,00,00,00,00,00,00,00,00,00,00,00,00,00,00,00,00,00,00,00,00,00,00,00,00,00,00,00,00,04,10,61,ED,20,1C,00,00,00,00,00,00,00,58,02,00,00,00,00,00,00,64,00,00,00,00,43,00,00,40,00,05,00,3C,00,1E,00,46,00,28,00,00,00,00,00,00,00,00,00,08,08,18,00,00,00,00,00,00,00,00,00,00,00,00,00,00,00,00,00,00,00,68,01,00,00,00,00,00,00,00,00,00,00,00,00,00,00,00,00,00,00,00,00,00,00,FF,49,00,FF,5B,00,EA,FF,4C,FF,24,FF,56,FF,2E,00,00,00,00,00,00,00,00,00,08,08,08,00,00,00,00,00,00,00,00,00,00,00,00,00,00,00,00,00,00,00,00,00,00,00,00,00,00,00,00,00,00,00,01,00
2026-07-23 00:10:06,3D,00,36,01,1D,0C,62,0E,00,FF,FF,00,00,00,00,FF,6E,00,00,00,00,00,00,FF,BB,00,00,00,00,00,00,00,00,00,00,00,00,00,00,00,00,00,00,00,00,00,00,00,00,00,00,00,00,00,00,00,00,00,00,00,00,00,00,00,00,00,00,00,00,00,00,00,00,00,11,FF,FF,20,1C,00,00,00,00,00,00,00,3A,07,00,00,00,00,00,00,64,00,00,00,00,47,00,FF,FC,00,05,00,3C,00,1E,00,46,00,28,00,00,00,00,00,00,00,00,00,08,08,18,00,00,00,00,00,00,00,00,00,00,00,00,00,00,00,00,00,00,00,68,01,00,00,00,00,00,00,00,00,00,00,00,00,00,00,00,00,00,00,00,00,00,00,FF,38,00,FF,21,00,EA,FF,4C,FF,24,FF,56,FF,2E,00,00,00,00,00,00,00,00,00,08,08,08,00,00,00,00,00,00,00,00,00,00,00,00,00,00,00,00,00,00,00,00,00,00,00,00,00,00,00,00,00,00,00,01,00
2026-07-23 00:20:06,3D,00,36,01,1D,0C,62,0E,00,FF,FF,00,00,00,00,FF,79,00,00,00,00,00,00,FF,99,00,00,00,00,00,00,00,00,00,00,00,00,00,00,00,00,00,00,00,00,00,00,00,00,00,00,00,00,00,00,00,00,00,00,00,00,00,00,00,00,00,00,00,00,00,00,00,00,04,11,C9,FD,20,1C,00,00,00,00,00,00,00,00,00,00,00,00,00,00,00,64,00,00,00,00,4D,00,FF,9A,00,05,00,3C,00,1E,00,46,00,28,00,00,00,00,00,00,00,00,00,18,08,18,00,00,00,00,00,00,00,00,00,00,00,00,00,00,00,00,00,00,00,68,01,00,00,00,00,00,00,00,00,00,00,00,00,00,00,00,00,00,00,00,00,00,00,FF,23,00,FE,CA,00,EA,FF,4C,FF,24,FF,56,FF,2E,00,00,00,00,00,00,00,00,00,08,08,08,00,00,00,00,00,00,00,00,00,00,00,00,00,00,00,00,00,00,00,00,00,00,00,00,00,00,00,00,00,00,00,01,00
2026-07-23 00:30:06,3D,00,36,01,1D,0C,62,0E,00,FF,FF,00,00,00,00,FF,68,00,00,00,00,00,00,FF,C6,00,00,00,00,00,00,00,00,00,00,00,00,00,00,00,00,00,00,00,00,00,00,00,00,00,00,00,00,00,00,00,00,00,00,00,00,00,00,00,00,00,00,00,00,00,00,00,00,04,11,71,FB,20,1C,00,00,00,00,00,00,00,58,02,00,00,00,00,00,00,64,00,00,00,00,50,00,00,3E,00,05,00,3C,00,1E,00,46,00,28,00,00,00,00,00,00,00,00,00,18,08,18,00,00,00,00,00,00,00,00,00,00,00,00,00,00,00,00,00,00,00,68,01,00,00,00,00,00,00,00,00,00,00,00,00,00,00,00,00,00,00,00,00,00,00,FF,29,00,FF,39,00,EA,FF,4C,FF,24,FF,56,FF,2E,00,00,00,00,00,00,00,00,00,08,08,08,00,00,00,00,00,00,00,00,00,00,00,00,00,00,00,00,00,00,00,00,00,00,00,00,00,00,00,00,00,00,00,01,00
2026-07-23 00:40:06,3D,00,36,01,1D,0C,62,0E,00,FF,FF,00,00,00,00,FF,67,00,00,00,00,00,00,FF,D2,00,00,00,00,00,00,00,00,00,00,00,00,00,00,00,00,00,00,00,00,00,00,00,00,00,00,00,00,00,00,00,00,00,00,00,00,00,00,00,00,00,00,00,00,00,00,00,00,04,11,19,F9,20,1C,00,00,00,00,00,00,00,3A,07,00,00,00,00,00,00,64,00,00,00,00,54,00,00,50,00,05,00,3C,00,1E,00,46,00,28,00,00,00,00,00,00,00,00,00,08,08,18,00,00,00,00,00,00,00,00,00,00,00,00,00,00,00,00,00,00,00,68,01,00,00,00,00,00,00,00,00,00,00,00,00,00,00,00,00,00,00,00,00,00,00,FF,3C,00,FF,4E,00,EA,FF,4C,FF,24,FF,56,FF,2E,00,00,00,00,00,00,00,00,00,08,08,08,00,00,00,00,00,00,00,00,00,00,00,00,00,00,00,00,00,00,00,00,00,00,00,00,00,00,00,00,00,00,00,01,00
2026-07-23 00:50:06,3D,00,36,01,1D,0C,62,0E,00,FF,FF,00,00,00,00,FF,6F,00,00,00,00,00,00,FF,C2,00,00,00,00,00,00,00,00,00,00,00,00,00,00,00,00,00,00,00,00,00,00,00,00,00,00,00,00,00,00,00,37,46,00,02,00,00,05,00,00,00,00,00,00,00,00,00,00,04,11,C1,F6,20,1C,00,00,00,00,00,28,00,00,00,00,00,00,00,00,00,64,00,00,00,00,4F,00,FC,19,01,05,00,3C,00,1E,00,46,00,28,00,00,00,00,00,00,00,00,00,08,08,18,00,00,00,00,00,00,00,00,00,00,00,00,00,00,00,00,00,00,00,68,01,00,00,00,00,00,00,00,00,4B,00,00,00,00,00,00,00,00,00,00,00,00,00,FF,41,00,FE,E4,00,EA,FF,4C,FF,24,FF,56,FF,2E,00,00,00,00,00,00,00,00,00,08,08,18,00,00,00,00,00,00,00,00,00,00,00,00,00,00,00,00,00,00,00,00,00,00,00,00,00,00,00,00,00,00,00,01,00
2026-07-23 01:00:06,3D,00,36,01,1D,0C,62,0E,00,FF,FF,00,00,00,00,FF,63,00,00,00,00,00,00,FF,C6,00,00,00,00,01,00,00,00,00,00,00,00,00,00,00,00,00,00,00,00,00,00,00,00,00,00,00,00,00,00,00,00,00,00,00,00,00,00,00,00,00,00,00,00,00,00,00,00,04,11,69,F4,20,1C,00,00,00,00,00,00,00,58,02,00,00,00,00,00,00,64,00,00,00,00,48,00,00,2C,00,05,00,3C,00,1E,00,46,00,28,00,00,00,00,00,00,00,00,00,08,08,18,00,00,00,00,00,00,00,00,00,00,00,00,00,00,00,00,00,00,00,68,01,00,00,00,00,00,00,00,00,00,00,00,00,00,00,00,00,00,00,00,00,00,00,FF,23,00,FF,32,00,EA,FF,4C,FF,24,FF,56,FF,2E,00,00,00,00,00,00,00,00,00,08,08,08,00,00,00,00,00,00,00,00,00,00,00,00,00,00,00,00,00,00,00,00,00,00,00,00,00,00,00,00,00,00,00,03,00
2026-07-23 01:10:06,3D,00,36,01,1D,0C,62,0E,00,FF,FF,00,00,00,00,FF,62,00,00,00,00,00,00,FF,D2,00,00,00,00,01,00,00,00,00,00,00,00,00,00,00,00,00,00,00,00,00,00,00,00,00,00,00,00,00,00,00,00,00,00,00,00,00,00,00,00,00,00,00,00,00,00,00,00,04,11,11,F2,20,1C,00,00,00,00,00,00,00,3A,07,00,00,00,00,00,00,64,00,00,00,00,4C,00,00,49,00,05,00,3C,00,1E,00,46,00,28,00,00,00,00,00,00,00,00,00,08,08,18,00,00,00,00,00,00,00,00,00,00,00,00,00,00,00,00,00,00,00,68,01,00,00,00,00,00,00,00,00,00,00,00,00,00,00,00,00,00,00,00,00,00,00,FF,36,00,FF,49,00,EA,FF,4C,FF,24,FF,56,FF,2E,00,00,00,00,00,00,00,00,00,08,08,08,00,00,00,00,00,00,00,00,00,00,00,00,00,00,00,00,00,00,00,00,00,00,00,00,00,00,00,00,00,00,00,01,00
2026-07-23 01:20:07,3D,00,36,01,1D,0C,62,0E,00,FF,FF,00,00,00,00,FF,6A,00,00,00,00,00,00,FF,D6,00,00,00,00,01,00,00,00,00,00,00,00,00,00,00,00,00,00,00,00,00,00,00,00,00,00,00,00,00,00,00,00,00,00,00,00,00,00,00,00,00,00,00,00,00,00,00,00,04,11,B8,EF,20,1C,00,00,00,00,00,00,00,00,00,00,00,00,00,00,00,64,00,00,00,00,50,00,00,4E,00,05,00,3C,00,1E,00,46,00,28,00,00,00,00,00,00,00,00,00,08,08,18,00,00,00,00,00,00,00,00,00,00,00,00,00,00,00,00,00,00,00,68,01,00,00,00,00,00,00,00,00,00,00,00,00,00,00,00,00,00,00,00,00,00,00,FF,4B,00,FF,5B,00,EA,FF,4C,FF,24,FF,56,FF,2E,00,00,00,00,00,00,00,00,00,08,08,08,00,00,00,00,00,00,00,00,00,00,00,00,00,00,00,00,00,00,00,00,00,00,00,00,00,00,00,00,00,00,00,01,00
2026-07-23 01:30:06,3D,00,36,01,1D,0C,62,0E,00,FF,FF,00,00,00,00,FF,65,00,00,00,00,00,00,FF,BE,00,00,00,00,00,00,00,00,00,00,00,00,00,00,00,00,00,00,00,00,00,00,00,00,00,00,00,00,00,00,00,00,00,00,00,00,00,00,00,00,00,00,00,00,00,00,00,00,04,11,61,ED,20,1C,00,00,00,00,00,00,00,58,02,00,00,00,00,00,00,64,00,00,00,00,44,00,00,0C,00,05,00,3C,00,1E,00,46,00,28,00,00,00,00,00,00,00,00,00,08,08,18,00,00,00,00,00,00,00,00,00,00,00,00,00,00,00,00,00,00,00,68,01,00,00,00,00,00,00,00,00,00,00,00,00,01,00,00,00,00,00,00,00,00,00,FF,1E,00,FF,26,00,EA,FF,4C,FF,24,FF,56,FF,2E,00,00,00,00,00,00,00,00,00,18,08,08,00,00,00,00,00,00,00,00,00,00,00,00,00,00,00,00,00,00,00,00,00,00,00,00,00,00,00,00,00,00,00,01,00
2026-07-23 01:40:06,3D,00,36,01,1D,0C,62,0F,00,FF,FF,00,00,00,00,FF,60,00,00,00,00,00,00,FF,D0,00,00,00,00,00,00,00,00,00,00,00,00,00,00,00,00,00,00,00,00,00,00,00,00,00,00,00,00,00,00,00,00,00,00,00,00,00,00,00,00,00,00,00,00,00,00,00,01,00,12,FF,FF,20,1C,00,00,00,00,00,00,00,3A,07,00,00,00,00,00,00,64,00,00,00,00,52,00,00,40,00,05,00,3C,00,1E,00,46,00,28,00,00,00,00,00,00,00,00,00,08,08,18,00,00,00,00,00,00,00,00,00,00,00,00,00,00,00,00,00,00,00,68,01,00,00,00,00,00,00,00,00,00,00,00,00,00,00,00,00,00,00,00,00,00,00,FF,49,00,FF,42,00,EA,FF,4C,FF,24,FF,56,FF,2E,00,00,00,00,00,00,00,00,00,08,08,08,00,00,00,00,00,00,00,00,00,00,00,00,00,00,00,00,00,00,00,00,00,00,00,00,00,00,00,00,00,00,00,01,00
2026-07-23 01:50:06,3D,00,36,01,1D,0C,62,0F,00,FF,FF,00,00,00,00,FF,75,00,00,00,00,00,00,FF,9D,00,00,00,00,00,00,00,00,00,00,00,00,00,00,00,00,00,00,00,00,00,00,00,00,00,00,00,00,00,00,00,37,46,00,02,00,00,05,00,00,00,00,00,00,00,00,00,01,04,12,C9,FD,20,1C,00,00,00,00,00,28,00,00,00,00,00,00,00,00,00,64,00,00,00,00,4F,00,FF,98,00,05,00,3C,00,1E,00,46,00,28,00,00,00,00,00,00,00,00,00,08,08,18,00,00,00,00,00,00,00,00,00,00,00,00,00,00,00,00,00,00,00,68,01,00,00,00,00,00,00,00,00,4B,00,00,00,00,00,00,00,00,00,00,00,00,00,FF,2A,00,FE,C1,00,EA,FF,4C,FF,24,FF,56,FF,2E,00,00,00,00,00,00,00,00,00,08,08,08,00,00,00,00,00,00,00,00,00,00,00,00,00,00,00,00,00,00,00,00,00,00,00,00,00,00,00,00,00,00,00,01,00
2026-07-23 02:00:06,3D,00,36,01,1D,0C,62,0F,00,FF,FF,00,00,00,00,FF,67,00,00,00,00,00,00,FF,C4,00,00,00,00,00,00,00,00,00,00,00,00,00,00,00,00,00,00,00,00,00,00,00,00,00,00,00,00,00,00,00,00,00,00,00,00,00,0C,00,00,00,00,00,00,00,00,00,00,04,12,71,FB,20,1C,00,00,00,00,00,00,00,58,02,00,01,00,00,00,00,64,00,00,00,00,51,00,00,3C,00,05,00,3C,00,1E,00,46,00,28,00,00,00,00,00,00,00,00,00,08,18,18,00,00,00,00,00,00,00,00,00,00,00,00,00,00,00,00,00,00,00,68,01,00,00,00,00,00,00,00,00,00,00,00,00,00,01,00,00,00,00,00,00,00,00,FF,29,00,FF,41,00,EA,FF,4C,FF,24,FF,56,FF,2E,00,00,00,00,00,00,00,00,00,08,18,08,00,00,00,00,00,00,00,00,00,00,00,00,00,00,00,00,00,00,00,00,00,00,00,00,00,00,00,00,00,00,00,01,00
2026-07-23 02:10:06,3D,00,36,01,1D,0C,62,0F,00,FF,FF,00,00,00,00,FF,82,00,00,00,00,00,00,FF,D3,00,00,00,00,00,00,00,00,00,00,00,00,00,00,00,00,00,00,00,00,00,00,00,00,00,00,00,00,00,00,00,00,00,00,00,00,00,0C,00,00,00,00,00,00,00,00,00,00,04,12,19,F9,20,1C,00,00,00,00,00,00,00,3A,07,00,01,00,00,00,00,64,00,00,00,00,54,00,00,52,00,05,00,3C,00,1E,00,46,00,28,00,00,00,00,00,00,00,00,00,08,18,18,00,00,00,00,00,00,00,00,00,00,00,00,00,00,00,00,00,00,00,68,01,00,00,00,00,00,00,00,00,00,00,00,00,00,01,00,00,00,00,00,00,00,00,FF,9C,00,00,89,00,EA,FF,4C,FF,24,FF,56,FF,2E,00,00,00,00,00,00,00,00,00,08,18,08,00,00,00,00,00,00,00,00,00,00,00,00,00,00,00,00,00,00,00,00,00,00,00,00,00,00,00,00,00,00,00,01,00
2026-07-23 02:20:06,3D,00,36,01,1D,0C,62,0F,00,FF,FF,00,00,00,00,FF,B0,00,00,00,00,00,00,FF,D6,00,00,00,00,00,00,00,00,00,00,00,00,00,00,00,00,00,00,00,00,00,00,00,00,00,00,00,00,00,00,00,78,46,00,01,00,00,05,00,00,00,00,00,00,00,00,00,02,04,12,C1,F6,20,1C,00,00,00,00,00,3C,00,00,00,00,00,00,00,00,00,64,00,00,00,00,56,00,00,51,00,05,00,3C,00,1E,00,46,00,28,00,00,00,00,00,00,00,00,00,08,08,18,00,00,00,00,00,00,00,00,00,00,00,00,00,00,00,00,00,00,00,68,01,00,00,00,00,00,00,00,00,5A,00,00,00,00,00,00,00,00,00,00,00,00,00,FF,C2,00,00,86,00,EA,FF,4C,FF,24,FF,56,FF,2E,00,00,00,00,00,00,00,00,00,08,08,08,00,00,00,00,00,00,00,00,00,00,00,00,00,00,00,00,00,00,00,00,00,00,00,00,00,00,00,00,00,00,00,01,00
2026-07-23 02:30:06,3D,00,36,01,1D,0C,62,0F,00,FF,FF,00,00,00,00,FF,B6,00,00,00,00,00,00,FF,9F,00,00,00,00,00,00,00,00,00,00,00,00,00,00,00,00,00,00,00,00,00,00,00,00,00,00,00,00,00,00,00,78,46,00,02,00,00,05,00,00,00,00,00,00,00,00,00,02,04,12,69,F4,20,1C,00,00,00,00,00,28,00,58,02,00,00,00,00,00,00,64,00,00,00,00,3F,00,FF,9A,00,05,00,3C,00,1E,00,46,00,28,00,00,00,00,00,00,00,00,00,08,08,18,00,00,00,00,00,00,00,00,00,00,00,00,00,00,00,00,00,00,00,68,01,00,00,00,00,00,00,00,00,5A,00,00,00,00,00,00,00,00,00,00,00,00,00,FF,49,00,FE,C1,00,EA,FF,4C,FF,24,FF,56,FF,2E,00,00,00,00,00,00,00,00,00,08,08,08,00,00,00,00,00,00,00,00,00,00,00,00,00,00,00,00,00,00,00,00,00,00,00,00,00,00,00,00,00,00,00,01,00
2026-07-23 02:40:06,3D,00,36,01,1D,0C,62,0F,00,FF,FF,00,00,00,00,FF,8B,00,00,00,00,00,00,FF,BB,00,00,00,00,00,00,00,00,00,00,00,00,00,00,00,00,00,00,00,00,00,00,00,00,00,00,00,00,00,00,00,00,00,00,00,00,00,00,00,00,00,00,00,00,00,00,00,00,06,12,11,F2,20,1C,00,00,00,00,00,00,00,3A,07,00,00,00,00,00,00,64,00,00,00,00,3A,00,00,17,00,05,00,3C,00,1E,00,46,00,28,00,00,00,00,00,00,00,00,00,08,08,18,00,00,00,00,00,00,00,00,00,00,00,00,00,00,00,00,00,00,00,68,01,00,00,00,00,00,00,00,00,00,00,00,00,00,00,00,00,00,00,00,00,00,00,FF,22,00,FF,30,00,EA,FF,4C,FF,24,FF,56,FF,2E,00,00,00,00,00,00,00,00,00,08,08,08,00,00,00,00,00,00,00,00,00,00,00,00,00,00,00,00,00,00,00,00,00,00,00,00,00,00,00,00,00,00,00,01,00
2026-07-23 02:50:06,3D,00,36,01,1D,0C,62,0F,00,FF,FF,00,00,00,00,FF,77,00,00,00,00,00,00,FF,CF,00,00,00,00,00,00,00,00,00,00,00,00,00,00,00,00,00,00,00,00,00,00,00,00,00,00,00,00,00,00,00,00,00,00,00,00,00,00,00,00,00,00,00,00,00,00,00,00,04,12,B9,EF,20,1C,00,00,00,00,00,00,00,00,00,00,00,00,00,00,00,64,00,00,00,00,3F,00,00,3A,00,05,00,3C,00,1E,00,46,00,28,00,00,00,00,00,00,00,00,00,08,08,18,00,00,00,00,00,00,00,00,00,00,00,00,00,00,00,00,00,00,00,68,01,00,00,00,00,00,00,00,00,00,00,00,00,00,00,00,00,00,00,00,00,00,00,FF,35,00,FF,47,00,EA,FF,4C,FF,24,FF,56,FF,2E,00,00,00,00,00,00,00,00,00,08,08,08,00,00,00,00,00,00,00,00,00,00,00,00,00,00,00,00,00,00,00,00,00,00,00,00,00,00,00,00,00,00,00,01,00
2026-07-23 03:00:06,3D,00,36,01,1D,0C,62,0E,00,FF,FF,00,00,00,00,FF,75,00,00,00,00,00,00,FF,D5,00,00,00,00,00,00,00,00,00,00,00,00,00,00,00,00,00,00,00,00,00,00,00,00,00,00,00,00,00,00,00,00,00,00,00,00,00,00,00,00,00,00,00,00,00,00,00,00,04,12,61,ED,20,1C,00,00,00,00,00,00,00,58,02,00,00,00,00,00,00,64,00,00,00,00,42,00,00,40,00,05,00,3C,00,1E,00,46,00,28,00,00,00,00,00,00,00,00,00,08,08,18,00,00,00,00,00,00,00,00,00,00,00,00,00,00,00,00,00,00,00,68,01,00,00,00,00,00,00,00,00,00,00,00,00,00,00,00,00,00,00,00,00,00,00,FF,4A,00,FF,5B,00,EA,FF,4C,FF,24,FF,56,FF,2E,00,00,00,00,00,00,00,00,00,08,08,08,00,00,00,00,00,00,00,00,00,00,00,00,00,00,00,00,00,00,00,00,00,00,00,00,00,00,00,00,00,00,00,01,00
2026-07-23 03:10:06,3D,00,36,01,1D,0C,62,0E,00,FF,FF,00,00,00,00,FF,6E,00,00,00,00,00,00,FF,BC,00,00,00,00,00,00,00,00,00,00,00,00,00,00,00,00,00,00,00,00,00,00,00,00,00,00,00,00,00,00,00,00,00,00,00,00,00,00,00,00,00,00,00,00,00,00,00,00,00,13,FF,FF,20,1C,00,00,00,00,00,00,00,3A,07,00,00,00,00,00,00,64,00,00,00,00,47,00,FF,FD,00,05,00,3C,00,1E,00,46,00,28,00,00,00,00,00,00,00,00,00,08,08,18,00,00,00,00,00,00,00,00,00,00,00,00,00,00,00,00,00,00,00,68,01,00,00,00,00,00,00,00,00,00,00,00,00,00,00,00,00,00,00,00,00,00,00,FF,37,00,FF,21,00,EA,FF,4C,FF,24,FF,56,FF,2E,00,00,00,00,00,00,00,00,00,08,08,08,00,00,00,00,00,00,00,00,00,00,00,00,00,00,00,00,00,00,00,00,00,00,00,00,00,00,00,00,00,00,00,01,00
2026-07-23 03:20:06,3D,00,36,01,1D,0C,62,0E,00,FF,FF,00,00,00,00,FF,79,00,00,00,00,00,00,FF,9A,00,00,00,00,00,00,00,00,00,00,00,00,00,00,00,00,00,00,00,00,00,00,00,00,00,00,00,00,00,00,00,00,00,00,00,00,00,00,00,00,00,00,00,00,00,00,00,00,04,13,C9,FD,20,1C,00,00,00,00,00,00,00,00,00,00,00,00,00,00,00,64,00,00,00,00,4D,00,FF,9A,00,05,00,3C,00,1E,00,46,00,28,00,00,00,00,00,00,00,00,00,18,08,18,00,00,00,00,00,00,00,00,00,00,00,00,00,00,00,00,00,00,00,68,01,00,00,00,00,00,00,00,00,00,00,00,00,00,00,00,00,00,00,00,00,00,00,FF,23,00,FE,CB,00,EA,FF,4C,FF,24,FF,56,FF,2E,00,00,00,00,00,00,00,00,00,08,08,08,00,00,00,00,00,00,00,00,00,00,00,00,00,00,00,00,00,00,00,00,00,00,00,00,00,00,00,00,00,00,00,01,00
2026-07-23 03:30:06,3D,00,36,01,1D,0C,62,0E,00,FF,FF,00,00,00,00,FF,67,00,00,00,00,00,00,FF,C4,00,00,00,00,00,00,00,00,00,00,00,00,00,00,00,00,00,00,00,00,00,00,00,00,00,00,00,00,00,00,00,00,00,00,00,00,00,00,00,00,00,00,00,00,00,00,00,00,04,13,71,FB,20,1C,00,00,00,00,00,00,00,58,02,00,00,00,00,00,00,64,00,00,00,00,50,00,00,3E,00,05,00,3C,00,1E,00,46,00,28,00,00,00,00,00,00,00,00,00,18,08,18,00,00,00,00,00,00,00,00,00,00,00,00,00,00,00,00,00,00,00,68,01,00,00,00,00,00,00,00,00,00,00,00,00,00,00,00,00,00,00,00,00,00,00,FF,2A,00,FF,3A,00,EA,FF,4C,FF,24,FF,56,FF,2E,00,00,00,00,00,00,00,00,00,08,08,08,00,00,00,00,00,00,00,00,00,00,00,00,00,00,00,00,00,00,00,00,00,00,00,00,00,00,00,00,00,00,00,01,00
2026-07-23 03:40:06,3D,00,36,01,1D,0C,62,0E,00,FF,FF,00,00,00,00,FF,67,00,00,00,00,00,00,FF,D2,00,00,00,00,00,00,00,00,00,00,00,00,00,00,00,00,00,00,00,00,00,00,00,00,00,00,00,00,00,00,00,00,00,00,00,00,00,00,00,00,00,00,00,00,00,00,00,00,04,13,19,F9,20,1C,00,00,00,00,00,00,00,3A,07,00,00,00,00,00,00,64,00,00,00,00,55,00,00,50,00,05,00,3C,00,1E,00,46,00,28,00,00,00,00,00,00,00,00,00,08,08,18,00,00,00,00,00,00,00,00,00,00,00,00,00,00,00,00,00,00,00,68,01,00,00,00,00,00,00,00,00,00,00,00,00,00,00,00,00,00,00,00,00,00,00,FF,3D,00,FF,4E,00,EA,FF,4C,FF,24,FF,56,FF,2E,00,00,00,00,00,00,00,00,00,08,08,08,00,00,00,00,00,00,00,00,00,00,00,00,00,00,00,00,00,00,00,00,00,00,00,00,00,00,00,00,00,00,00,01,00
2026-07-23 03:50:06,3D,00,36,01,1D,0C,62,0E,00,FF,FF,00,00,00,00,FF,70,00,00,00,00,00,00,FF,C2,00,00,00,00,00,00,00,00,00,00,00,00,00,00,00,00,00,00,00,00,00,00,00,00,00,00,00,00,00,00,00,37,46,00,02,00,00,05,00,00,00,00,00,00,00,00,00,00,04,13,C1,F6,20,1C,00,00,00,00,00,28,00,00,00,00,00,00,00,00,00,64,00,00,00,00,4F,00,FC,19,01,05,00,3C,00,1E,00,46,00,28,00,00,00,00,00,00,00,00,00,08,08,18,00,00,00,00,00,00,00,00,00,00,00,00,00,00,00,00,00,00,00,68,01,00,00,00,00,00,00,00,00,4B,00,00,00,00,00,00,00,00,00,00,00,00,00,FF,41,00,FE,E5,00,EA,FF,4C,FF,24,FF,56,FF,2E,00,00,00,00,00,00,00,00,00,08,08,18,00,00,00,00,00,00,00,00,00,00,00,00,00,00,00,00,00,00,00,00,00,00,00,00,00,00,00,00,00,00,00,01,00
2026-07-23 04:00:06,3D,00,36,01,1D,0C,62,0E,00,FF,FF,00,00,00,00,FF,63,00,00,00,00,00,00,FF,C6,00,00,00,00,01,00,00,00,00,00,00,00,00,00,00,00,00,00,00,00,00,00,00,00,00,00,00,00,00,00,00,00,00,00,00,00,00,00,00,00,00,00,00,00,00,00,00,00,04,13,69,F4,20,1C,00,00,00,00,00,00,00,58,02,00,00,00,00,00,00,64,00,00,00,00,49,00,00,2C,00,05,00,3C,00,1E,00,46,00,28,00,00,00,00,00,00,00,00,00,08,08,18,00,00,00,00,00,00,00,00,00,00,00,00,00,00,00,00,00,00,00,68,01,00,00,00,00,00,00,00,00,00,00,00,00,00,00,00,00,00,00,00,00,00,00,FF,23,00,FF,33,00,EA,FF,4C,FF,24,FF,56,FF,2E,00,00,00,00,00,00,00,00,00,08,08,08,00,00,00,00,00,00,00,00,00,00,00,00,00,00,00,00,00,00,00,00,00,00,00,00,00,00,00,00,00,00,00,03,00
2026-07-23 04:10:06,3D,00,36,01,1D,0C,62,0E,00,FF,FF,00,00,00,00,FF,62,00,00,00,00,00,00,FF,D2,00,00,00,00,01,00,00,00,00,00,00,00,00,00,00,00,00,00,00,00,00,00,00,00,00,00,00,00,00,00,00,00,00,00,00,00,00,00,00,00,00,00,00,00,00,00,00,00,04,13,11,F2,20,1C,00,00,00,00,00,00,00,3A,07,00,00,00,00,00,00,64,00,00,00,00,4D,00,00,48,00,05,00,3C,00,1E,00,46,00,28,00,00,00,00,00,00,00,00,00,08,08,18,00,00,00,00,00,00,00,00,00,00,00,00,00,00,00,00,00,00,00,68,01,00,00,00,00,00,00,00,00,00,00,00,00,00,00,00,00,00,00,00,00,00,00,FF,37,00,FF,48,00,EA,FF,4C,FF,24,FF,56,FF,2E,00,00,00,00,00,00,00,00,00,08,08,08,00,00,00,00,00,00,00,00,00,00,00,00,00,00,00,00,00,00,00,00,00,00,00,00,00,00,00,00,00,00,00,01,00
2026-07-23 04:20:06,3D,00,36,01,1D,0C,62,0E,00,FF,FF,00,00,00,00,FF,69,00,00,00,00,00,00,FF,D7,00,00,00,00,01,00,00,00,00,00,00,00,00,00,00,00,00,00,00,00,00,00,00,00,00,00,00,00,00,00,00,00,00,00,00,00,00,00,00,00,00,00,00,00,00,00,00,00,04,13,B9,EF,20,1C,00,00,00,00,00,00,00,00,00,00,00,00,00,00,00,64,00,00,00,00,4F,00,00,4E,00,05,00,3C,00,1E,00,46,00,28,00,00,00,00,00,00,00,00,00,08,08,18,00,00,00,00,00,00,00,00,00,00,00,00,00,00,00,00,00,00,00,68,01,00,00,00,00,00,00,00,00,00,00,00,00,00,00,00,00,00,00,00,00,00,00,FF,4C,00,FF,5B,00,EA,FF,4C,FF,24,FF,56,FF,2E,00,00,00,00,00,00,00,00,00,08,08,08,00,00,00,00,00,00,00,00,00,00,00,00,00,00,00,00,00,00,00,00,00,00,00,00,00,00,00,00,00,00,00,01,00
2026-07-23 04:30:06,3D,00,36,01,1D,0C,62,0E,00,FF,FF,00,00,00,00,FF,67,00,00,00,00,00,00,FF,BE,00,00,00,00,00,00,00,00,00,00,00,00,00,00,00,00,00,00,00,00,00,00,00,00,00,00,00,00,00,00,00,00,00,00,00,00,00,00,00,00,00,00,00,00,00,00,00,00,04,13,61,ED,20,1C,00,00,00,00,00,00,00,58,02,00,00,00,00,00,00,64,00,00,00,00,43,00,00,0C,00,05,00,3C,00,1E,00,46,00,28,00,00,00,00,00,00,00,00,00,08,08,18,00,00,00,00,00,00,00,00,00,00,00,00,00,00,00,00,00,00,00,68,01,00,00,00,00,00,00,00,00,00,00,00,00,01,00,00,00,00,00,00,00,00,00,FF,1D,00,FF,26,00,EA,FF,4C,FF,24,FF,56,FF,2E,00,00,00,00,00,00,00,00,00,18,08,08,00,00,00,00,00,00,00,00,00,00,00,00,00,00,00,00,00,00,00,00,00,00,00,00,00,00,00,00,00,00,00,01,00
2026-07-23 04:40:06,3D,00,36,01,1D,0C,62,0F,00,FF,FF,00,00,00,00,FF,60,00,00,00,00,00,00,FF,CF,00,00,00,00,00,00,00,00,00,00,00,00,00,00,00,00,00,00,00,00,00,00,00,00,00,00,00,00,00,00,00,00,00,00,00,00,00,00,00,00,00,00,00,00,00,00,00,01,00,14,FF,FF,20,1C,00,00,00,00,00,00,00,3A,07,00,00,00,00,00,00,64,00,00,00,00,53,00,00,41,00,05,00,3C,00,1E,00,46,00,28,00,00,00,00,00,00,00,00,00,08,08,18,00,00,00,00,00,00,00,00,00,00,00,00,00,00,00,00,00,00,00,68,01,00,00,00,00,00,00,00,00,00,00,00,00,00,00,00,00,00,00,00,00,00,00,FF,4A,00,FF,42,00,EA,FF,4C,FF,24,FF,56,FF,2E,00,00,00,00,00,00,00,00,00,08,08,08,00,00,00,00,00,00,00,00,00,00,00,00,00,00,00,00,00,00,00,00,00,00,00,00,00,00,00,00,00,00,00,01,00
2026-07-23 04:50:06,3D,00,36,01,1D,0C,62,0F,00,FF,FF,00,00,00,00,FF,76,00,00,00,00,00,00,FF,9E,00,00,00,00,00,00,00,00,00,00,00,00,00,00,00,00,00,00,00,00,00,00,00,00,00,00,00,00,00,00,00,37,46,00,02,00,00,05,00,00,00,00,00,00,00,00,00,01,04,14,C9,FD,20,1C,00,00,00,00,00,28,00,00,00,00,00,00,00,00,00,64,00,00,00,00,4F,00,FF,99,00,05,00,3C,00,1E,00,46,00,28,00,00,00,00,00,00,00,00,00,08,08,18,00,00,00,00,00,00,00,00,00,00,00,00,00,00,00,00,00,00,00,68,01,00,00,00,00,00,00,00,00,4B,00,00,00,00,00,00,00,00,00,00,00,00,00,FF,29,00,FE,C1,00,EA,FF,4C,FF,24,FF,56,FF,2E,00,00,00,00,00,00,00,00,00,08,08,08,00,00,00,00,00,00,00,00,00,00,00,00,00,00,00,00,00,00,00,00,00,00,00,00,00,00,00,00,00,00,00,01,00
2026-07-23 05:00:06,3D,00,36,01,1D,0C,62,0F,00,FF,FF,00,00,00,00,FF,66,00,00,00,00,00,00,FF,C4,00,00,00,00,00,00,00,00,00,00,00,00,00,00,00,00,00,00,00,00,00,00,00,00,00,00,00,00,00,00,00,00,00,00,00,00,00,0C,00,00,00,00,00,00,00,00,00,00,04,14,71,FB,20,1C,00,00,00,00,00,00,00,58,02,00,01,00,00,00,00,64,00,00,00,00,50,00,00,3C,00,05,00,3C,00,1E,00,46,00,28,00,00,00,00,00,00,00,00,00,08,18,18,00,00,00,00,00,00,00,00,00,00,00,00,00,00,00,00,00,00,00,68,01,00,00,00,00,00,00,00,00,00,00,00,00,00,01,00,00,00,00,00,00,00,00,FF,2A,00,FF,42,00,EA,FF,4C,FF,24,FF,56,FF,2E,00,00,00,00,00,00,00,00,00,08,18,08,00,00,00,00,00,00,00,00,00,00,00,00,00,00,00,00,00,00,00,00,00,00,00,00,00,00,00,00,00,00,00,01,00
2026-07-23 05:10:06,3D,00,36,01,1D,0C,62,0F,00,FF,FF,00,00,00,00,FF,84,00,00,00,00,00,00,FF,D3,00,00,00,00,00,00,00,00,00,00,00,00,00,00,00,00,00,00,00,00,00,00,00,00,00,00,00,00,00,00,00,00,00,00,00,00,00,0C,00,00,00,00,00,00,00,00,00,00,04,14,19,F9,20,1C,00,00,00,00,00,00,00,3A,07,00,01,00,00,00,00,64,00,00,00,00,54,00,00,50,00,05,00,3C,00,1E,00,46,00,28,00,00,00,00,00,00,00,00,00,08,18,18,00,00,00,00,00,00,00,00,00,00,00,00,00,00,00,00,00,00,00,68,01,00,00,00,00,00,00,00,00,00,00,00,00,00,01,00,00,00,00,00,00,00,00,FF,9D,00,00,89,00,EA,FF,4C,FF,24,FF,56,FF,2E,00,00,00,00,00,00,00,00,00,08,18,08,00,00,00,00,00,00,00,00,00,00,00,00,00,00,00,00,00,00,00,00,00,00,00,00,00,00,00,00,00,00,00,01,00
2026-07-23 05:20:06,3D,00,36,01,1D,0C,62,0F,00,FF,FF,00,00,00,00,FF,AF,00,00,00,00,00,00,FF,D5,00,00,00,00,00,00,00,00,00,00,00,00,00,00,00,00,00,00,00,00,00,00,00,00,00,00,00,00,00,00,00,78,46,00,01,00,00,05,00,00,00,00,00,00,00,00,00,02,04,14,C1,F6,20,1C,00,00,00,00,00,3C,00,00,00,00,00,00,00,00,00,64,00,00,00,00,57,00,00,4F,00,05,00,3C,00,1E,00,46,00,28,00,00,00,00,00,00,00,00,00,08,08,18,00,00,00,00,00,00,00,00,00,00,00,00,00,00,00,00,00,00,00,68,01,00,00,00,00,00,00,00,00,5A,00,00,00,00,00,00,00,00,00,00,00,00,00,FF,C2,00,00,85,00,EA,FF,4C,FF,24,FF,56,FF,2E,00,00,00,00,00,00,00,00,00,08,08,08,00,00,00,00,00,00,00,00,00,00,00,00,00,00,00,00,00,00,00,00,00,00,00,00,00,00,00,00,00,00,00,01,00
2026-07-23 05:30:06,3D,00,36,01,1D,0C,62,0F,00,FF,FF,00,00,00,00,FF,B4,00,00,00,00,00,00,FF,9E,00,00,00,00,00,00,00,00,00,00,00,00,00,00,00,00,00,00,00,00,00,00,00,00,00,00,00,00,00,00,00,78,46,00,02,00,00,05,00,00,00,00,00,00,00,00,00,02,04,14,69,F4,20,1C,00,00,00,00,00,28,00,58,02,00,00,00,00,00,00,64,00,00,00,00,3D,00,FF,9A,00,05,00,3C,00,1E,00,46,00,28,00,00,00,00,00,00,00,00,00,08,08,18,00,00,00,00,00,00,00,00,00,00,00,00,00,00,00,00,00,00,00,68,01,00,00,00,00,00,00,00,00,5A,00,00,00,00,00,00,00,00,00,00,00,00,00,FF,49,00,FE,C1,00,EA,FF,4C,FF,24,FF,56,FF,2E,00,00,00,00,00,00,00,00,00,08,08,08,00,00,00,00,00,00,00,00,00,00,00,00,00,00,00,00,00,00,00,00,00,00,00,00,00,00,00,00,00,00,00,01,00
2026-07-23 05:40:06,3D,00,36,01,1D,0C,62,0F,00,FF,FF,00,00,00,00,FF,8A,00,00,00,00,00,00,FF,BB,00,00,00,00,00,00,00,00,00,00,00,00,00,00,00,00,00,00,00,00,00,00,00,00,00,00,00,00,00,00,00,00,00,00,00,00,00,00,00,00,00,00,00,00,00,00,00,00,06,14,11,F2,20,1C,00,00,00,00,00,00,00,3A,07,00,00,00,00,00,00,64,00,00,00,00,3A,00,00,17,00,05,00,3C,00,1E,00,46,00,28,00,00,00,00,00,00,00,00,00,08,08,18,00,00,00,00,00,00,00,00,00,00,00,00,00,00,00,00,00,00,00,68,01,00,00,00,00,00,00,00,00,00,00,00,00,00,00,00,00,00,00,00,00,00,00,FF,23,00,FF,31,00,EA,FF,4C,FF,24,FF,56,FF,2E,00,00,00,00,00,00,00,00,00,08,08,08,00,00,00,00,00,00,00,00,00,00,00,00,00,00,00,00,00,00,00,00,00,00,00,00,00,00,00,00,00,00,00,01,00
2026-07-23 05:50:06,3D,00,36,01,1D,0C,62,0F,00,FF,FF,00,00,00,00,FF,76,00,00,00,00,00,00,FF,CF,00,00,00,00,00,00,00,00,00,00,00,00,00,00,00,00,00,00,00,00,00,00,00,00,00,00,00,00,00,00,00,00,00,00,00,00,00,00,00,00,00,00,00,00,00,00,00,00,04,14,B9,EF,20,1C,00,00,00,00,00,00,00,00,00,00,00,00,00,00,00,64,00,00,00,00,3F,00,00,3A,00,05,00,3C,00,1E,00,46,00,28,00,00,00,00,00,00,00,00,00,08,08,18,00,00,00,00,00,00,00,00,00,00,00,00,00,00,00,00,00,00,00,68,01,00,00,00,00,00,00,00,00,00,00,00,00,00,00,00,00,00,00,00,00,00,00,FF,35,00,FF,46,00,EA,FF,4C,FF,24,FF,56,FF,2E,00,00,00,00,00,00,00,00,00,08,08,08,00,00,00,00,00,00,00,00,00,00,00,00,00,00,00,00,00,00,00,00,00,00,00,00,00,00,00,00,00,00,00,01,00
2026-07-23 06:00:06,3D,00,36,01,1D,0C,62,0E,00,FF,FF,00,00,00,00,FF,74,00,00,00,00,00,00,FF,D6,00,00,00,00,00,00,00,00,00,00,00,00,00,00,00,00,00,00,00,00,00,00,00,00,00,00,00,00,00,00,00,00,00,00,00,00,00,00,00,00,00,00,00,00,00,00,00,00,04,14,61,ED,20,1C,00,00,00,00,00,00,00,58,02,00,00,00,00,00,00,64,00,00,00,00,41,00,00,41,00,05,00,3C,00,1E,00,46,00,28,00,00,00,00,00,00,00,00,00,08,08,18,00,00,00,00,00,00,00,00,00,00,00,00,00,00,00,00,00,00,00,68,01,00,00,00,00,00,00,00,00,00,00,00,00,00,00,00,00,00,00,00,00,00,00,FF,4A,00,FF,5A,00,EA,FF,4C,FF,24,FF,56,FF,2E,00,00,00,00,00,00,00,00,00,08,08,08,00,00,00,00,00,00,00,00,00,00,00,00,00,00,00,00,00,00,00,00,00,00,00,00,00,00,00,00,00,00,00,01,00
2026-07-23 06:10:06,3D,00,36,01,1D,0C,62,0E,00,FF,FF,00,00,00,00,FF,6C,00,00,00,00,00,00,FF,BC,00,00,00,00,00,00,00,00,00,00,00,00,00,00,00,00,00,00,00,00,00,00,00,00,00,00,00,00,00,00,00,00,00,00,00,00,00,00,00,00,00,00,00,00,00,00,00,00,00,15,FF,FF,20,1C,00,00,00,00,00,00,00,3A,07,00,00,00,00,00,00,64,00,00,00,00,47,00,FF,FB,00,05,00,3C,00,1E,00,46,00,28,00,00,00,00,00,00,00,00,00,08,08,18,00,00,00,00,00,00,00,00,00,00,00,00,00,00,00,00,00,00,00,68,01,00,00,00,00,00,00,00,00,00,00,00,00,00,00,00,00,00,00,00,00,00,00,FF,38,00,FF,22,00,EA,FF,4C,FF,24,FF,56,FF,2E,00,00,00,00,00,00,00,00,00,08,08,08,00,00,00,00,00,00,00,00,00,00,00,00,00,00,00,00,00,00,00,00,00,00,00,00,00,00,00,00,00,00,00,01,00
2026-07-23 06:20:06,3D,00,36,01,1D,0C,62,0E,00,FF,FF,00,00,00,00,FF,7A,00,00,00,00,00,00,FF,9A,00,00,00,00,00,00,00,00,00,00,00,00,00,00,00,00,00,00,00,00,00,00,00,00,00,00,00,00,00,00,00,00,00,00,00,00,00,00,00,00,00,00,00,00,00,00,00,00,04,15,C9,FD,20,1C,00,00,00,00,00,00,00,00,00,00,00,00,00,00,00,64,00,00,00,00,4C,00,FF,9A,00,05,00,3C,00,1E,00,46,00,28,00,00,00,00,00,00,00,00,00,18,08,18,00,00,00,00,00,00,00,00,00,00,00,00,00,00,00,00,00,00,00,68,01,00,00,00,00,00,00,00,00,00,00,00,00,00,00,00,00,00,00,00,00,00,00,FF,23,00,FE,CA,00,EA,FF,4C,FF,24,FF,56,FF,2E,00,00,00,00,00,00,00,00,00,08,08,08,00,00,00,00,00,00,00,00,00,00,00,00,00,00,00,00,00,00,00,00,00,00,00,00,00,00,00,00,00,00,00,01,00
2026-07-23 06:30:06,3D,00,36,01,1D,0C,62,0E,00,FF,FF,00,00,00,00,FF,68,00,00,00,00,00,00,FF,C5,00,00,00,00,00,00,00,00,00,00,00,00,00,00,00,00,00,00,00,00,00,00,00,00,00,00,00,00,00,00,00,00,00,00,00,00,00,00,00,00,00,00,00,00,00,00,00,00,04,15,71,FB,20,1C,00,00,00,00,00,00,00,58,02,00,00,00,00,00,00,64,00,00,00,00,50,00,00,3E,00,05,00,3C,00,1E,00,46,00,28,00,00,00,00,00,00,00,00,00,18,08,18,00,00,00,00,00,00,00,00,00,00,00,00,00,00,00,00,00,00,00,68,01,00,00,00,00,00,00,00,00,00,00,00,00,00,00,00,00,00,00,00,00,00,00,FF,28,00,FF,39,00,EA,FF,4C,FF,24,FF,56,FF,2E,00,00,00,00,00,00,00,00,00,08,08,08,00,00,00,00,00,00,00,00,00,00,00,00,00,00,00,00,00,00,00,00,00,00,00,00,00,00,00,00,00,00,00,01,00
2026-07-23 06:40:06,3D,00,36,01,1D,0C,62,0E,00,FF,FF,00,00,00,00,FF,67,00,00,00,00,00,00,FF,D3,00,00,00,00,00,00,00,00,00,00,00,00,00,00,00,00,00,00,00,00,00,00,00,00,00,00,00,00,00,00,00,00,00,00,00,00,00,00,00,00,00,00,00,00,00,00,00,00,04,15,19,F9,20,1C,00,00,00,00,00,00,00,3A,07,00,00,00,00,00,00,64,00,00,00,00,54,00,00,51,00,05,00,3C,00,1E,00,46,00,28,00,00,00,00,00,00,00,00,00,08,08,18,00,00,00,00,00,00,00,00,00,00,00,00,00,00,00,00,00,00,00,68,01,00,00,00,00,00,00,00,00,00,00,00,00,00,00,00,00,00,00,00,00,00,00,FF,3E,00,FF,4E,00,EA,FF,4C,FF,24,FF,56,FF,2E,00,00,00,00,00,00,00,00,00,08,08,08,00,00,00,00,00,00,00,00,00,00,00,00,00,00,00,00,00,00,00,00,00,00,00,00,00,00,00,00,00,00,00,01,00
2026-07-23 06:50:06,3D,00,36,01,1D,0C,62,0E,00,FF,FF,00,00,00,00,FF,6E,00,00,00,00,00,00,FF,C3,00,00,00,00,00,00,00,00,00,00,00,00,00,00,00,00,00,00,00,00,00,00,00,00,00,00,00,00,00,00,00,37,46,00,02,00,00,05,00,00,00,00,00,00,00,00,00,00,04,15,C1,F6,20,1C,00,00,00,00,00,28,00,00,00,00,00,00,00,00,00,64,00,00,00,00,4E,00,FC,19,01,05,00,3C,00,1E,00,46,00,28,00,00,00,00,00,00,00,00,00,08,08,18,00,00,00,00,00,00,00,00,00,00,00,00,00,00,00,00,00,00,00,68,01,00,00,00,00,00,00,00,00,4B,00,00,00,00,00,00,00,00,00,00,00,00,00,FF,40,00,FE,E5,00,EA,FF,4C,FF,24,FF,56,FF,2E,00,00,00,00,00,00,00,00,00,08,08,18,00,00,00,00,00,00,00,00,00,00,00,00,00,00,00,00,00,00,00,00,00,00,00,00,00,00,00,00,00,00,00,01,00
2026-07-23 07:00:06,3D,00,36,01,1D,0C,62,0E,00,FF,FF,00,00,00,00,FF,64,00,00,00,00,00,00,FF,C6,00,00,00,00,01,00,00,00,00,00,00,00,00,00,00,00,00,00,00,00,00,00,00,00,00,00,00,00,00,00,00,00,00,00,00,00,00,00,00,00,00,00,00,00,00,00,00,00,04,15,69,F4,20,1C,00,00,00,00,00,00,00,58,02,00,00,00,00,00,00,64,00,00,00,00,48,00,00,2D,00,05,00,3C,00,1E,00,46,00,28,00,00,00,00,00,00,00,00,00,08,08,18,00,00,00,00,00,00,00,00,00,00,00,00,00,00,00,00,00,00,00,68,01,00,00,00,00,00,00,00,00,00,00,00,00,00,00,00,00,00,00,00,00,00,00,FF,23,00,FF,32,00,EA,FF,4C,FF,24,FF,56,FF,2E,00,00,00,00,00,00,00,00,00,08,08,08,00,00,00,00,00,00,00,00,00,00,00,00,00,00,00,00,00,00,00,00,00,00,00,00,00,00,00,00,00,00,00,03,00
2026-07-23 07:10:06,3D,00,36,01,1D,0C,62,0E,00,FF,FF,00,00,00,00,FF,63,00,00,00,00,00,00,FF,D3,00,00,00,00,01,00,00,00,00,00,00,00,00,00,00,00,00,00,00,00,00,00,00,00,00,00,00,00,00,00,00,00,00,00,00,00,00,00,00,00,00,00,00,00,00,00,00,00,04,15,11,F2,20,1C,00,00,00,00,00,00,00,3A,07,00,00,00,00,00,00,64,00,00,00,00,4D,00,00,49,00,05,00,3C,00,1E,00,46,00,28,00,00,00,00,00,00,00,00,00,08,08,18,00,00,00,00,00,00,00,00,00,00,00,00,00,00,00,00,00,00,00,68,01,00,00,00,00,00,00,00,00,00,00,00,00,00,00,00,00,00,00,00,00,00,00,FF,36,00,FF,48,00,EA,FF,4C,FF,24,FF,56,FF,2E,00,00,00,00,00,00,00,00,00,08,08,08,00,00,00,00,00,00,00,00,00,00,00,00,00,00,00,00,00,00,00,00,00,00,00,00,00,00,00,00,00,00,00,01,00
2026-07-23 07:20:06,3D,00,36,01,1D,0C,62,0E,00,FF,FF,00,00,00,00,FF,6B,00,00,00,00,00,00,FF,D6,00,00,00,00,01,00,00,00,00,00,00,00,00,00,00,00,00,00,00,00,00,00,00,00,00,00,00,00,00,00,00,00,00,00,00,00,00,00,00,00,00,00,00,00,00,00,00,00,04,15,B9,EF,20,1C,00,00,00,00,00,00,00,00,00,00,00,00,00,00,00,64,00,00,00,00,4F,00,00,4E,00,05,00,3C,00,1E,00,46,00,28,00,00,00,00,00,00,00,00,00,08,08,18,00,00,00,00,00,00,00,00,00,00,00,00,00,00,00,00,00,00,00,68,01,00,00,00,00,00,00,00,00,00,00,00,00,00,00,00,00,00,00,00,00,00,00,FF,4B,00,FF,5C,00,EA,FF,4C,FF,24,FF,56,FF,2E,00,00,00,00,00,00,00,00,00,08,08,08,00,00,00,00,00,00,00,00,00,00,00,00,00,00,00,00,00,00,00,00,00,00,00,00,00,00,00,00,00,00,00,01,00
2026-07-23 07:30:06,3D,00,36,01,1D,0C,62,0E,00,FF,FF,00,00,00,00,FF,66,00,00,00,00,00,00,FF,BE,00,00,00,00,00,00,00,00,00,00,00,00,00,00,00,00,00,00,00,00,00,00,00,00,00,00,00,00,00,00,00,00,00,00,00,00,00,00,00,00,00,00,00,00,00,00,00,00,04,15,61,ED,20,1C,00,00,00,00,00,00,00,58,02,00,00,00,00,00,00,64,00,00,00,00,44,00,00,0C,00,05,00,3C,00,1E,00,46,00,28,00,00,00,00,00,00,00,00,00,08,08,18,00,00,00,00,00,00,00,00,00,00,00,00,00,00,00,00,00,00,00,68,01,00,00,00,00,00,00,00,00,00,00,00,00,01,00,00,00,00,00,00,00,00,00,FF,1E,00,FF,25,00,EA,FF,4C,FF,24,FF,56,FF,2E,00,00,00,00,00,00,00,00,00,18,08,08,00,00,00,00,00,00,00,00,00,00,00,00,00,00,00,00,00,00,00,00,00,00,00,00,00,00,00,00,00,00,00,01,00
2026-07-23 07:40:06,3D,00,36,01,1D,0C,62,0F,00,FF,FF,00,00,00,00,FF,61,00,00,00,00,00,00,FF,CF,00,00,00,00,00,00,00,00,00,00,00,00,00,00,00,00,00,00,00,00,00,00,00,00,00,00,00,00,00,00,00,00,00,00,00,00,00,00,00,00,00,00,00,00,00,00,00,01,00,16,FF,FF,20,1C,00,00,00,00,00,00,00,3A,07,00,00,00,00,00,00,64,00,00,00,00,53,00,00,40,00,05,00,3C,00,1E,00,46,00,28,00,00,00,00,00,00,00,00,00,08,08,18,00,00,00,00,00,00,00,00,00,00,00,00,00,00,00,00,00,00,00,68,01,00,00,00,00,00,00,00,00,00,00,00,00,00,00,00,00,00,00,00,00,00,00,FF,49,00,FF,43,00,EA,FF,4C,FF,24,FF,56,FF,2E,00,00,00,00,00,00,00,00,00,08,08,08,00,00,00,00,00,00,00,00,00,00,00,00,00,00,00,00,00,00,00,00,00,00,00,00,00,00,00,00,00,00,00,01,00
2026-07-23 07:50:06,3D,00,36,01,1D,0C,62,0F,00,FF,FF,00,00,00,00,FF,76,00,00,00,00,00,00,FF,9D,00,00,00,00,00,00,00,00,00,00,00,00,00,00,00,00,00,00,00,00,00,00,00,00,00,00,00,00,00,00,00,37,46,00,02,00,00,05,00,00,00,00,00,00,00,00,00,01,04,16,C9,FD,20,1C,00,00,00,00,00,28,00,00,00,00,00,00,00,00,00,64,00,00,00,00,4E,00,FF,98,00,05,00,3C,00,1E,00,46,00,28,00,00,00,00,00,00,00,00,00,08,08,18,00,00,00,00,00,00,00,00,00,00,00,00,00,00,00,00,00,00,00,68,01,00,00,00,00,00,00,00,00,4B,00,00,00,00,00,00,00,00,00,00,00,00,00,FF,2A,00,FE,BF,00,EA,FF,4C,FF,24,FF,56,FF,2E,00,00,00,00,00,00,00,00,00,08,08,08,00,00,00,00,00,00,00,00,00,00,00,00,00,00,00,00,00,00,00,00,00,00,00,00,00,00,00,00,00,00,00,01,00
2026-07-23 08:00:06,3D,00,36,01,1D,0C,62,0F,00,FF,FF,00,00,00,00,FF,66,00,00,00,00,00,00,FF,C5,00,00,00,00,00,00,00,00,00,00,00,00,00,00,00,00,00,00,00,00,00,00,00,00,00,00,00,00,00,00,00,00,00,00,00,00,00,0C,00,00,00,00,00,00,00,00,00,00,04,16,71,FB,20,1C,00,00,00,00,00,00,00,58,02,00,01,00,00,00,00,64,00,00,00,00,51,00,00,3D,00,05,00,3C,00,1E,00,46,00,28,00,00,00,00,00,00,00,00,00,08,18,18,00,00,00,00,00,00,00,00,00,00,00,00,00,00,00,00,00,00,00,68,01,00,00,00,00,00,00,00,00,00,00,00,00,00,01,00,00,00,00,00,00,00,00,FF,29,00,FF,42,00,EA,FF,4C,FF,24,FF,56,FF,2E,00,00,00,00,00,00,00,00,00,08,18,08,00,00,00,00,00,00,00,00,00,00,00,00,00,00,00,00,00,00,00,00,00,00,00,00,00,00,00,00,00,00,00,01,00
2026-07-23 08:10:06,3D,00,36,01,1D,0C,62,0F,00,FF,FF,00,00,00,00,FF,84,00,00,00,00,00,00,FF,D2,00,00,00,00,00,00,00,00,00,00,00,00,00,00,00,00,00,00,00,00,00,00,00,00,00,00,00,00,00,00,00,00,00,00,00,00,00,0C,00,00,00,00,00,00,00,00,00,00,04,16,19,F9,20,1C,00,00,00,00,00,00,00,3A,07,00,01,00,00,00,00,64,00,00,00,00,55,00,00,52,00,05,00,3C,00,1E,00,46,00,28,00,00,00,00,00,00,00,00,00,08,18,18,00,00,00,00,00,00,00,00,00,00,00,00,00,00,00,00,00,00,00,68,01,00,00,00,00,00,00,00,00,00,00,00,00,00,01,00,00,00,00,00,00,00,00,FF,9E,00,00,89,00,EA,FF,4C,FF,24,FF,56,FF,2E,00,00,00,00,00,00,00,00,00,08,18,08,00,00,00,00,00,00,00,00,00,00,00,00,00,00,00,00,00,00,00,00,00,00,00,00,00,00,00,00,00,00,00,01,00
2026-07-23 08:20:06,3D,00,36,01,1D,0C,62,0F,00,FF,FF,00,00,00,00,FF,AF,00,00,00,00,00,00,FF,D5,00,00,00,00,00,00,00,00,00,00,00,00,00,00,00,00,00,00,00,00,00,00,00,00,00,00,00,00,00,00,00,78,46,00,01,00,00,05,00,00,00,00,00,00,00,00,00,02,04,16,C1,F6,20,1C,00,00,00,00,00,3C,00,00,00,00,00,00,00,00,00,64,00,00,00,00,57,00,00,50,00,05,00,3C,00,1E,00,46,00,28,00,00,00,00,00,00,00,00,00,08,08,18,00,00,00,00,00,00,00,00,00,00,00,00,00,00,00,00,00,00,00,68,01,00,00,00,00,00,00,00,00,5A,00,00,00,00,00,00,00,00,00,00,00,00,00,FF,C1,00,00,85,00,EA,FF,4C,FF,24,FF,56,FF,2E,00,00,00,00,00,00,00,00,00,08,08,08,00,00,00,00,00,00,00,00,00,00,00,00,00,00,00,00,00,00,00,00,00,00,00,00,00,00,00,00,00,00,00,01,00
2026-07-23 08:30:06,3D,00,36,01,1D,0C,62,0F,00,FF,FF,00,00,00,00,FF,B5,00,00,00,00,00,00,FF,A0,00,00,00,00,00,00,00,00,00,00,00,00,00,00,00,00,00,00,00,00,00,00,00,00,00,00,00,00,00,00,00,78,46,00,02,00,00,05,00,00,00,00,00,00,00,00,00,02,04,16,69,F4,20,1C,00,00,00,00,00,28,00,58,02,00,00,00,00,00,00,64,00,00,00,00,3D,00,FF,99,00,05,00,3C,00,1E,00,46,00,28,00,00,00,00,00,00,00,00,00,08,08,18,00,00,00,00,00,00,00,00,00,00,00,00,00,00,00,00,00,00,00,68,01,00,00,00,00,00,00,00,00,5A,00,00,00,00,00,00,00,00,00,00,00,00,00,FF,49,00,FE,C2,00,EA,FF,4C,FF,24,FF,56,FF,2E,00,00,00,00,00,00,00,00,00,08,08,08,00,00,00,00,00,00,00,00,00,00,00,00,00,00,00,00,00,00,00,00,00,00,00,00,00,00,00,00,00,00,00,01,00
2026-07-23 08:40:06,3D,00,36,01,1D,0C,62,0F,00,FF,FF,00,00,00,00,FF,8B,00,00,00,00,00,00,FF,BB,00,00,00,00,00,00,00,00,00,00,00,00,00,00,00,00,00,00,00,00,00,00,00,00,00,00,00,00,00,00,00,00,00,00,00,00,00,00,00,00,00,00,00,00,00,00,00,00,06,16,11,F2,20,1C,00,00,00,00,00,00,00,3A,07,00,00,00,00,00,00,64,00,00,00,00,3B,00,00,17,00,05,00,3C,00,1E,00,46,00,28,00,00,00,00,00,00,00,00,00,08,08,18,00,00,00,00,00,00,00,00,00,00,00,00,00,00,00,00,00,00,00,68,01,00,00,00,00,00,00,00,00,00,00,00,00,00,00,00,00,00,00,00,00,00,00,FF,22,00,FF,32,00,EA,FF,4C,FF,24,FF,56,FF,2E,00,00,00,00,00,00,00,00,00,08,08,08,00,00,00,00,00,00,00,00,00,00,00,00,00,00,00,00,00,00,00,00,00,00,00,00,00,00,00,00,00,00,00,01,00
2026-07-23 08:50:06,3D,00,36,01,1D,0C,62,0F,00,FF,FF,00,00,00,00,FF,76,00,00,00,00,00,00,FF,D0,00,00,00,00,00,00,00,00,00,00,00,00,00,00,00,00,00,00,00,00,00,00,00,00,00,00,00,00,00,00,00,00,00,00,00,00,00,00,00,00,00,00,00,00,00,00,00,00,04,16,B9,EF,20,1C,00,00,00,00,00,00,00,00,00,00,00,00,00,00,00,64,00,00,00,00,3F,00,00,3A,00,05,00,3C,00,1E,00,46,00,28,00,00,00,00,00,00,00,00,00,08,08,18,00,00,00,00,00,00,00,00,00,00,00,00,00,00,00,00,00,00,00,68,01,00,00,00,00,00,00,00,00,00,00,00,00,00,00,00,00,00,00,00,00,00,00,FF,35,00,FF,46,00,EA,FF,4C,FF,24,FF,56,FF,2E,00,00,00,00,00,00,00,00,00,08,08,08,00,00,00,00,00,00,00,00,00,00,00,00,00,00,00,00,00,00,00,00,00,00,00,00,00,00,00,00,00,00,00,01,00
2026-07-23 09:00:06,3D,00,36,01,1D,0C,62,0E,00,FF,FF,00,00,00,00,FF,75,00,00,00,00,00,00,FF,D6,00,00,00,00,00,00,00,00,00,00,00,00,00,00,00,00,00,00,00,00,00,00,00,00,00,00,00,00,00,00,00,00,00,00,00,00,00,00,00,00,00,00,00,00,00,00,00,00,04,16,61,ED,20,1C,00,00,00,00,00,00,00,58,02,00,00,00,00,00,00,64,00,00,00,00,43,00,00,40,00,05,00,3C,00,1E,00,46,00,28,00,00,00,00,00,00,00,00,00,08,08,18,00,00,00,00,00,00,00,00,00,00,00,00,00,00,00,00,00,00,00,68,01,00,00,00,00,00,00,00,00,00,00,00,00,00,00,00,00,00,00,00,00,00,00,FF,49,00,FF,5A,00,EA,FF,4C,FF,24,FF,56,FF,2E,00,00,00,00,00,00,00,00,00,08,08,08,00,00,00,00,00,00,00,00,00,00,00,00,00,00,00,00,00,00,00,00,00,00,00,00,00,00,00,00,00,00,00,01,00
2026-07-23 09:10:06,3D,00,36,01,1D,0C,62,0E,00,FF,FF,00,00,00,00,FF,6E,00,00,00,00,00,00,FF,BD,00,00,00,00,00,00,00,00,00,00,00,00,00,00,00,00,00,00,00,00,00,00,00,00,00,00,00,00,00,00,00,00,00,00,00,00,00,00,00,00,00,00,00,00,00,00,00,00,00,17,FF,FF,20,1C,00,00,00,00,00,00,00,3A,07,00,00,00,00,00,00,64,00,00,00,00,47,00,FF,FC,00,05,00,3C,00,1E,00,46,00,28,00,00,00,00,00,00,00,00,00,08,08,18,00,00,00,00,00,00,00,00,00,00,00,00,00,00,00,00,00,00,00,68,01,00,00,00,00,00,00,00,00,00,00,00,00,00,00,00,00,00,00,00,00,00,00,FF,37,00,FF,22,00,EA,FF,4C,FF,24,FF,56,FF,2E,00,00,00,00,00,00,00,00,00,08,08,08,00,00,00,00,00,00,00,00,00,00,00,00,00,00,00,00,00,00,00,00,00,00,00,00,00,00,00,00,00,00,00,01,00
2026-07-23 09:20:06,3D,00,36,01,1D,0C,62,0E,00,FF,FF,00,00,00,00,FF,79,00,00,00,00,00,00,FF,9A,00,00,00,00,00,00,00,00,00,00,00,00,00,00,00,00,00,00,00,00,00,00,00,00,00,00,00,00,00,00,00,00,00,00,00,00,00,00,00,00,00,00,00,00,00,00,00,00,04,17,C9,FD,20,1C,00,00,00,00,00,00,00,00,00,00,00,00,00,00,00,64,00,00,00,00,4C,00,FF,9B,00,05,00,3C,00,1E,00,46,00,28,00,00,00,00,00,00,00,00,00,18,08,18,00,00,00,00,00,00,00,00,00,00,00,00,00,00,00,00,00,00,00,68,01,00,00,00,00,00,00,00,00,00,00,00,00,00,00,00,00,00,00,00,00,00,00,FF,23,00,FE,CB,00,EA,FF,4C,FF,24,FF,56,FF,2E,00,00,00,00,00,00,00,00,00,08,08,08,00,00,00,00,00,00,00,00,00,00,00,00,00,00,00,00,00,00,00,00,00,00,00,00,00,00,00,00,00,00,00,01,00
2026-07-23 09:30:06,3D,00,36,01,1D,0C,62,0E,00,FF,FF,00,00,00,00,FF,67,00,00,00,00,00,00,FF,C5,00,00,00,00,00,00,00,00,00,00,00,00,00,00,00,00,00,00,00,00,00,00,00,00,00,00,00,00,00,00,00,00,00,00,00,00,00,00,00,00,00,00,00,00,00,00,00,00,04,17,71,FB,20,1C,00,00,00,00,00,00,00,58,02,00,00,00,00,00,00,64,00,00,00,00,51,00,00,3F,00,05,00,3C,00,1E,00,46,00,28,00,00,00,00,00,00,00,00,00,18,08,18,00,00,00,00,00,00,00,00,00,00,00,00,00,00,00,00,00,00,00,68,01,00,00,00,00,00,00,00,00,00,00,00,00,00,00,00,00,00,00,00,00,00,00,FF,29,00,FF,39,00,EA,FF,4C,FF,24,FF,56,FF,2E,00,00,00,00,00,00,00,00,00,08,08,08,00,00,00,00,00,00,00,00,00,00,00,00,00,00,00,00,00,00,00,00,00,00,00,00,00,00,00,00,00,00,00,01,00
2026-07-23 09:40:06,3D,00,36,01,1D,0C,62,0E,00,FF,FF,00,00,00,00,FF,66,00,00,00,00,00,00,FF,D2,00,00,00,00,00,00,00,00,00,00,00,00,00,00,00,00,00,00,00,00,00,00,00,00,00,00,00,00,00,00,00,00,00,00,00,00,00,00,00,00,00,00,00,00,00,00,00,00,04,17,19,F9,20,1C,00,00,00,00,00,00,00,3A,07,00,00,00,00,00,00,64,00,00,00,00,55,00,00,51,00,05,00,3C,00,1E,00,46,00,28,00,00,00,00,00,00,00,00,00,08,08,18,00,00,00,00,00,00,00,00,00,00,00,00,00,00,00,00,00,00,00,68,01,00,00,00,00,00,00,00,00,00,00,00,00,00,00,00,00,00,00,00,00,00,00,FF,3E,00,FF,4D,00,EA,FF,4C,FF,24,FF,56,FF,2E,00,00,00,00,00,00,00,00,00,08,08,08,00,00,00,00,00,00,00,00,00,00,00,00,00,00,00,00,00,00,00,00,00,00,00,00,00,00,00,00,00,00,00,01,00
2026-07-23 09:50:06,3D,00,36,01,1D,0C,62,0E,00,FF,FF,00,00,00,00,FF,6F,00,00,00,00,00,00,FF,C1,00,00,00,00,00,00,00,00,00,00,00,00,00,00,00,00,00,00,00,00,00,00,00,00,00,00,00,00,00,00,00,37,46,00,02,00,00,05,00,00,00,00,00,00,00,00,00,00,04,17,C1,F6,20,1C,00,00,00,00,00,28,00,00,00,00,00,00,00,00,00,64,00,00,00,00,4E,00,FC,19,01,05,00,3C,00,1E,00,46,00,28,00,00,00,00,00,00,00,00,00,08,08,18,00,00,00,00,00,00,00,00,00,00,00,00,00,00,00,00,00,00,00,68,01,00,00,00,00,00,00,00,00,4B,00,00,00,00,00,00,00,00,00,00,00,00,00,FF,40,00,FE,E6,00,EA,FF,4C,FF,24,FF,56,FF,2E,00,00,00,00,00,00,00,00,00,08,08,18,00,00,00,00,00,00,00,00,00,00,00,00,00,00,00,00,00,00,00,00,00,00,00,00,00,00,00,00,00,00,00,01,00
2026-07-23 10:00:06,3D,00,36,01,1D,0C,62,0E,00,FF,FF,00,00,00,00,FF,64,00,00,00,00,00,00,FF,C6,00,00,00,00,01,00,00,00,00,00,00,00,00,00,00,00,00,00,00,00,00,00,00,00,00,00,00,00,00,00,00,00,00,00,00,00,00,00,00,00,00,00,00,00,00,00,00,00,04,17,69,F4,20,1C,00,00,00,00,00,00,00,58,02,00,00,00,00,00,00,64,00,00,00,00,4A,00,00,2D,00,05,00,3C,00,1E,00,46,00,28,00,00,00,00,00,00,00,00,00,08,08,18,00,00,00,00,00,00,00,00,00,00,00,00,00,00,00,00,00,00,00,68,01,00,00,00,00,00,00,00,00,00,00,00,00,00,00,00,00,00,00,00,00,00,00,FF,24,00,FF,34,00,EA,FF,4C,FF,24,FF,56,FF,2E,00,00,00,00,00,00,00,00,00,08,08,08,00,00,00,00,00,00,00,00,00,00,00,00,00,00,00,00,00,00,00,00,00,00,00,00,00,00,00,00,00,00,00,03,00
2026-07-23 10:10:06,3D,00,36,01,1D,0C,62,0E,00,FF,FF,00,00,00,00,FF,63,00,00,00,00,00,00,FF,D2,00,00,00,00,01,00,00,00,00,00,00,00,00,00,00,00,00,00,00,00,00,00,00,00,00,00,00,00,00,00,00,00,00,00,00,00,00,00,00,00,00,00,00,00,00,00,00,00,04,17,11,F2,20,1C,00,00,00,00,00,00,00,3A,07,00,00,00,00,00,00,64,00,00,00,00,4C,00,00,48,00,05,00,3C,00,1E,00,46,00,28,00,00,00,00,00,00,00,00,00,08,08,18,00,00,00,00,00,00,00,00,00,00,00,00,00,00,00,00,00,00,00,68,01,00,00,00,00,00,00,00,00,00,00,00,00,00,00,00,00,00,00,00,00,00,00,FF,37,00,FF,47,00,EA,FF,4C,FF,24,FF,56,FF,2E,00,00,00,00,00,00,00,00,00,08,08,08,00,00,00,00,00,00,00,00,00,00,00,00,00,00,00,00,00,00,00,00,00,00,00,00,00,00,00,00,00,00,00,01,00
2026-07-23 10:20:06,3D,00,36,01,1D,0C,62,0E,00,FF,FF,00,00,00,00,FF,69,00,00,00,00,00,00,FF,D6,00,00,00,00,01,00,00,00,00,00,00,00,00,00,00,00,00,00,00,00,00,00,00,00,00,00,00,00,00,00,00,00,00,00,00,00,00,00,00,00,00,00,00,00,00,00,00,00,04,17,B9,EF,20,1C,00,00,00,00,00,00,00,00,00,00,00,00,00,00,00,64,00,00,00,00,50,00,00,4E,00,05,00,3C,00,1E,00,46,00,28,00,00,00,00,00,00,00,00,00,08,08,18,00,00,00,00,00,00,00,00,00,00,00,00,00,00,00,00,00,00,00,68,01,00,00,00,00,00,00,00,00,00,00,00,00,00,00,00,00,00,00,00,00,00,00,FF,4B,00,FF,5C,00,EA,FF,4C,FF,24,FF,56,FF,2E,00,00,00,00,00,00,00,00,00,08,08,08,00,00,00,00,00,00,00,00,00,00,00,00,00,00,00,00,00,00,00,00,00,00,00,00,00,00,00,00,00,00,00,01,00
2026-07-23 10:30:06,3D,00,36,01,1D,0C,62,0E,00,FF,FF,00,00,00,00,FF,65,00,00,00,00,00,00,FF,BF,00,00,00,00,00,00,00,00,00,00,00,00,00,00,00,00,00,00,00,00,00,00,00,00,00,00,00,00,00,00,00,00,00,00,00,00,00,00,00,00,00,00,00,00,00,00,00,00,04,17,61,ED,20,1C,00,00,00,00,00,00,00,58,02,00,00,00,00,00,00,64,00,00,00,00,44,00,00,0C,00,05,00,3C,00,1E,00,46,00,28,00,00,00,00,00,00,00,00,00,08,08,18,00,00,00,00,00,00,00,00,00,00,00,00,00,00,00,00,00,00,00,68,01,00,00,00,00,00,00,00,00,00,00,00,00,01,00,00,00,00,00,00,00,00,00,FF,1E,00,FF,26,00,EA,FF,4C,FF,24,FF,56,FF,2E,00,00,00,00,00,00,00,00,00,18,08,08,00,00,00,00,00,00,00,00,00,00,00,00,00,00,00,00,00,00,00,00,00,00,00,00,00,00,00,00,00,00,00,01,00
2026-07-23 10:40:06,3D,00,36,01,1D,0C,62,0F,00,FF,FF,00,00,00,00,FF,61,00,00,00,00,00,00,FF,D0,00,00,00,00,00,00,00,00,00,00,00,00,00,00,00,00,00,00,00,00,00,00,00,00,00,00,00,00,00,00,00,00,00,00,00,00,00,00,00,00,00,00,00,00,00,00,00,01,00,18,FF,FF,20,1C,00,00,00,00,00,00,00,3A,07,00,00,00,00,00,00,64,00,00,00,00,54,00,00,40,00,05,00,3C,00,1E,00,46,00,28,00,00,00,00,00,00,00,00,00,08,08,18,00,00,00,00,00,00,00,00,00,00,00,00,00,00,00,00,00,00,00,68,01,00,00,00,00,00,00,00,00,00,00,00,00,00,00,00,00,00,00,00,00,00,00,FF,4A,00,FF,42,00,EA,FF,4C,FF,24,FF,56,FF,2E,00,00,00,00,00,00,00,00,00,08,08,08,00,00,00,00,00,00,00,00,00,00,00,00,00,00,00,00,00,00,00,00,00,00,00,00,00,00,00,00,00,00,00,01,00
2026-07-23 10:50:06,3D,00,36,01,1D,0C,62,0F,00,FF,FF,00,00,00,00,FF,76,00,00,00,00,00,00,FF,9E,00,00,00,00,00,00,00,00,00,00,00,00,00,00,00,00,00,00,00,00,00,00,00,00,00,00,00,00,00,00,00,37,46,00,02,00,00,05,00,00,00,00,00,00,00,00,00,01,04,18,C9,FD,20,1C,00,00,00,00,00,28,00,00,00,00,00,00,00,00,00,64,00,00,00,00,4F,00,FF,9A,00,05,00,3C,00,1E,00,46,00,28,00,00,00,00,00,00,00,00,00,08,08,18,00,00,00,00,00,00,00,00,00,00,00,00,00,00,00,00,00,00,00,68,01,00,00,00,00,00,00,00,00,4B,00,00,00,00,00,00,00,00,00,00,00,00,00,FF,2A,00,FE,BF,00,EA,FF,4C,FF,24,FF,56,FF,2E,00,00,00,00,00,00,00,00,00,08,08,08,00,00,00,00,00,00,00,00,00,00,00,00,00,00,00,00,00,00,00,00,00,00,00,00,00,00,00,00,00,00,00,01,00
2026-07-23 11:00:06,3D,00,36,01,1D,0C,62,0F,00,FF,FF,00,00,00,00,FF,67,00,00,00,00,00,00,FF,C4,00,00,00,00,00,00,00,00,00,00,00,00,00,00,00,00,00,00,00,00,00,00,00,00,00,00,00,00,00,00,00,00,00,00,00,00,00,0C,00,00,00,00,00,00,00,00,00,00,04,18,71,FB,20,1C,00,00,00,00,00,00,00,58,02,00,01,00,00,00,00,64,00,00,00,00,51,00,00,3B,00,05,00,3C,00,1E,00,46,00,28,00,00,00,00,00,00,00,00,00,08,18,18,00,00,00,00,00,00,00,00,00,00,00,00,00,00,00,00,00,00,00,68,01,00,00,00,00,00,00,00,00,00,00,00,00,00,01,00,00,00,00,00,00,00,00,FF,2A,00,FF,41,00,EA,FF,4C,FF,24,FF,56,FF,2E,00,00,00,00,00,00,00,00,00,08,18,08,00,00,00,00,00,00,00,00,00,00,00,00,00,00,00,00,00,00,00,00,00,00,00,00,00,00,00,00,00,00,00,01,00
2026-07-23 11:10:06,3D,00,36,01,1D,0C,62,0F,00,FF,FF,00,00,00,00,FF,83,00,00,00,00,00,00,FF,D3,00,00,00,00,00,00,00,00,00,00,00,00,00,00,00,00,00,00,00,00,00,00,00,00,00,00,00,00,00,00,00,00,00,00,00,00,00,0C,00,00,00,00,00,00,00,00,00,00,04,18,19,F9,20,1C,00,00,00,00,00,00,00,3A,07,00,01,00,00,00,00,64,00,00,00,00,54,00,00,50,00,05,00,3C,00,1E,00,46,00,28,00,00,00,00,00,00,00,00,00,08,18,18,00,00,00,00,00,00,00,00,00,00,00,00,00,00,00,00,00,00,00,68,01,00,00,00,00,00,00,00,00,00,00,00,00,00,01,00,00,00,00,00,00,00,00,FF,9D,00,00,8A,00,EA,FF,4C,FF,24,FF,56,FF,2E,00,00,00,00,00,00,00,00,00,08,18,08,00,00,00,00,00,00,00,00,00,00,00,00,00,00,00,00,00,00,00,00,00,00,00,00,00,00,00,00,00,00,00,01,00
2026-07-23 11:20:06,3D,00,36,01,1D,0C,62,0F,00,FF,FF,00,00,00,00,FF,AF,00,00,00,00,00,00,FF,D6,00,00,00,00,00,00,00,00,00,00,00,00,00,00,00,00,00,00,00,00,00,00,00,00,00,00,00,00,00,00,00,78,46,00,01,00,00,05,00,00,00,00,00,00,00,00,00,02,04,18,C1,F6,20,1C,00,00,00,00,00,3C,00,00,00,00,00,00,00,00,00,64,00,00,00,00,58,00,00,50,00,05,00,3C,00,1E,00,46,00,28,00,00,00,00,00,00,00,00,00,08,08,18,00,00,00,00,00,00,00,00,00,00,00,00,00,00,00,00,00,00,00,68,01,00,00,00,00,00,00,00,00,5A,00,00,00,00,00,00,00,00,00,00,00,00,00,FF,C2,00,00,86,00,EA,FF,4C,FF,24,FF,56,FF,2E,00,00,00,00,00,00,00,00,00,08,08,08,00,00,00,00,00,00,00,00,00,00,00,00,00,00,00,00,00,00,00,00,00,00,00,00,00,00,00,00,00,00,00,01,00
2026-07-23 11:30:06,3D,00,36,01,1D,0C,62,0F,00,FF,FF,00,00,00,00,FF,B4,00,00,00,00,00,00,FF,A0,00,00,00,00,00,00,00,00,00,00,00,00,00,00,00,00,00,00,00,00,00,00,00,00,00,00,00,00,00,00,00,78,46,00,02,00,00,05,00,00,00,00,00,00,00,00,00,02,04,18,69,F4,20,1C,00,00,00,00,00,28,00,58,02,00,00,00,00,00,00,64,00,00,00,00,3E,00,FF,9A,00,05,00,3C,00,1E,00,46,00,28,00,00,00,00,00,00,00,00,00,08,08,18,00,00,00,00,00,00,00,00,00,00,00,00,00,00,00,00,00,00,00,68,01,00,00,00,00,00,00,00,00,5A,00,00,00,00,00,00,00,00,00,00,00,00,00,FF,49,00,FE,C1,00,EA,FF,4C,FF,24,FF,56,FF,2E,00,00,00,00,00,00,00,00,00,08,08,08,00,00,00,00,00,00,00,00,00,00,00,00,00,00,00,00,00,00,00,00,00,00,00,00,00,00,00,00,00,00,00,01,00
2026-07-23 11:40:06,3D,00,36,01,1D,0C,62,0F,00,FF,FF,00,00,00,00,FF,8A,00,00,00,00,00,00,FF,BB,00,00,00,00,00,00,00,00,00,00,00,00,00,00,00,00,00,00,00,00,00,00,00,00,00,00,00,00,00,00,00,00,00,00,00,00,00,00,00,00,00,00,00,00,00,00,00,00,06,18,11,F2,20,1C,00,00,00,00,00,00,00,3A,07,00,00,00,00,00,00,64,00,00,00,00,3B,00,00,17,00,05,00,3C,00,1E,00,46,00,28,00,00,00,00,00,00,00,00,00,08,08,18,00,00,00,00,00,00,00,00,00,00,00,00,00,00,00,00,00,00,00,68,01,00,00,00,00,00,00,00,00,00,00,00,00,00,00,00,00,00,00,00,00,00,00,FF,21,00,FF,31,00,EA,FF,4C,FF,24,FF,56,FF,2E,00,00,00,00,00,00,00,00,00,08,08,08,00,00,00,00,00,00,00,00,00,00,00,00,00,00,00,00,00,00,00,00,00,00,00,00,00,00,00,00,00,00,00,01,00
2026-07-23 11:50:06,3D,00,36,01,1D,0C,62,0F,00,FF,FF,00,00,00,00,FF,77,00,00,00,00,00,00,FF,CE,00,00,00,00,00,00,00,00,00,00,00,00,00,00,00,00,00,00,00,00,00,00,00,00,00,00,00,00,00,00,00,00,00,00,00,00,00,00,00,00,00,00,00,00,00,00,00,00,04,18,B9,EF,20,1C,00,00,00,00,00,00,00,00,00,00,00,00,00,00,00,64,00,00,00,00,3F,00,00,3A,00,05,00,3C,00,1E,00,46,00,28,00,00,00,00,00,00,00,00,00,08,08,18,00,00,00,00,00,00,00,00,00,00,00,00,00,00,00,00,00,00,00,68,01,00,00,00,00,00,00,00,00,00,00,00,00,00,00,00,00,00,00,00,00,00,00,FF,35,00,FF,46,00,EA,FF,4C,FF,24,FF,56,FF,2E,00,00,00,00,00,00,00,00,00,08,08,08,00,00,00,00,00,00,00,00,00,00,00,00,00,00,00,00,00,00,00,00,00,00,00,00,00,00,00,00,00,00,00,01,00
2026-07-23 12:00:06,3D,00,36,01,1D,0C,62,0E,00,FF,FF,00,00,00,00,FF,74,00,00,00,00,00,00,FF,D5,00,00,00,00,00,00,00,00,00,00,00,00,00,00,00,00,00,00,00,00,00,00,00,00,00,00,00,00,00,00,00,00,00,00,00,00,00,00,00,00,00,00,00,00,00,00,00,00,04,18,61,ED,20,1C,00,00,00,00,00,00,00,58,02,00,00,00,00,00,00,64,00,00,00,00,43,00,00,40,00,05,00,3C,00,1E,00,46,00,28,00,00,00,00,00,00,00,00,00,08,08,18,00,00,00,00,00,00,00,00,00,00,00,00,00,00,00,00,00,00,00,68,01,00,00,00,00,00,00,00,00,00,00,00,00,00,00,00,00,00,00,00,00,00,00,FF,49,00,FF,5A,00,EA,FF,4C,FF,24,FF,56,FF,2E,00,00,00,00,00,00,00,00,00,08,08,08,00,00,00,00,00,00,00,00,00,00,00,00,00,00,00,00,00,00,00,00,00,00,00,00,00,00,00,00,00,00,00,01,00
2026-07-23 12:10:06,3D,00,36,01,1D,0C,62,0E,00,FF,FF,00,00,00,00,FF,6D,00,00,00,00,00,00,FF,BC,00,00,00,00,00,00,00,00,00,00,00,00,00,00,00,00,00,00,00,00,00,00,00,00,00,00,00,00,00,00,00,00,00,00,00,00,00,00,00,00,00,00,00,00,00,00,00,00,00,19,FF,FF,20,1C,00,00,00,00,00,00,00,3A,07,00,00,00,00,00,00,64,00,00,00,00,47,00,FF,FB,00,05,00,3C,00,1E,00,46,00,28,00,00,00,00,00,00,00,00,00,08,08,18,00,00,00,00,00,00,00,00,00,00,00,00,00,00,00,00,00,00,00,68,01,00,00,00,00,00,00,00,00,00,00,00,00,00,00,00,00,00,00,00,00,00,00,FF,38,00,FF,21,00,EA,FF,4C,FF,24,FF,56,FF,2E,00,00,00,00,00,00,00,00,00,08,08,08,00,00,00,00,00,00,00,00,00,00,00,00,00,00,00,00,00,00,00,00,00,00,00,00,00,00,00,00,00,00,00,01,00
2026-07-23 12:20:06,3D,00,36,01,1D,0C,62,0E,00,FF,FF,00,00,00,00,FF,79,00,00,00,00,00,00,FF,9A,00,00,00,00,00,00,00,00,00,00,00,00,00,00,00,00,00,00,00,00,00,00,00,00,00,00,00,00,00,00,00,00,00,00,00,00,00,00,00,00,00,00,00,00,00,00,00,00,04,19,C9,FD,20,1C,00,00,00,00,00,00,00,00,00,00,00,00,00,00,00,64,00,00,00,00,4C,00,FF,9B,00,05,00,3C,00,1E,00,46,00,28,00,00,00,00,00,00,00,00,00,18,08,18,00,00,00,00,00,00,00,00,00,00,00,00,00,00,00,00,00,00,00,68,01,00,00,00,00,00,00,00,00,00,00,00,00,00,00,00,00,00,00,00,00,00,00,FF,23,00,FE,CA,00,EA,FF,4C,FF,24,FF,56,FF,2E,00,00,00,00,00,00,00,00,00,08,08,08,00,00,00,00,00,00,00,00,00,00,00,00,00,00,00,00,00,00,00,00,00,00,00,00,00,00,00,00,00,00,00,01,00
2026-07-23 12:30:06,3D,00,36,01,1D,0C,62,0E,00,FF,FF,00,00,00,00,FF,69,00,00,00,00,00,00,FF,C5,00,00,00,00,00,00,00,00,00,00,00,00,00,00,00,00,00,00,00,00,00,00,00,00,00,00,00,00,00,00,00,00,00,00,00,00,00,00,00,00,00,00,00,00,00,00,00,00,04,19,71,FB,20,1C,00,00,00,00,00,00,00,58,02,00,00,00,00,00,00,64,00,00,00,00,4F,00,00,3F,00,05,00,3C,00,1E,00,46,00,28,00,00,00,00,00,00,00,00,00,18,08,18,00,00,00,00,00,00,00,00,00,00,00,00,00,00,00,00,00,00,00,68,01,00,00,00,00,00,00,00,00,00,00,00,00,00,00,00,00,00,00,00,00,00,00,FF,29,00,FF,3A,00,EA,FF,4C,FF,24,FF,56,FF,2E,00,00,00,00,00,00,00,00,00,08,08,08,00,00,00,00,00,00,00,00,00,00,00,00,00,00,00,00,00,00,00,00,00,00,00,00,00,00,00,00,00,00,00,01,00
2026-07-23 12:40:06,3D,00,36,01,1D,0C,62,0E,00,FF,FF,00,00,00,00,FF,67,00,00,00,00,00,00,FF,D2,00,00,00,00,00,00,00,00,00,00,00,00,00,00,00,00,00,00,00,00,00,00,00,00,00,00,00,00,00,00,00,00,00,00,00,00,00,00,00,00,00,00,00,00,00,00,00,00,04,19,19,F9,20,1C,00,00,00,00,00,00,00,3A,07,00,00,00,00,00,00,64,00,00,00,00,55,00,00,52,00,05,00,3C,00,1E,00,46,00,28,00,00,00,00,00,00,00,00,00,08,08,18,00,00,00,00,00,00,00,00,00,00,00,00,00,00,00,00,00,00,00,68,01,00,00,00,00,00,00,00,00,00,00,00,00,00,00,00,00,00,00,00,00,00,00,FF,3C,00,FF,4E,00,EA,FF,4C,FF,24,FF,56,FF,2E,00,00,00,00,00,00,00,00,00,08,08,08,00,00,00,00,00,00,00,00,00,00,00,00,00,00,00,00,00,00,00,00,00,00,00,00,00,00,00,00,00,00,00,01,00
2026-07-23 12:50:06,3D,00,36,01,1D,0C,62,0E,00,FF,FF,00,00,00,00,FF,6E,00,00,00,00,00,00,FF,C3,00,00,00,00,00,00,00,00,00,00,00,00,00,00,00,00,00,00,00,00,00,00,00,00,00,00,00,00,00,00,00,37,46,00,02,00,00,05,00,00,00,00,00,00,00,00,00,00,04,19,C1,F6,20,1C,00,00,00,00,00,28,00,00,00,00,00,00,00,00,00,64,00,00,00,00,4F,00,FC,19,01,05,00,3C,00,1E,00,46,00,28,00,00,00,00,00,00,00,00,00,08,08,18,00,00,00,00,00,00,00,00,00,00,00,00,00,00,00,00,00,00,00,68,01,00,00,00,00,00,00,00,00,4B,00,00,00,00,00,00,00,00,00,00,00,00,00,FF,40,00,FE,E4,00,EA,FF,4C,FF,24,FF,56,FF,2E,00,00,00,00,00,00,00,00,00,08,08,18,00,00,00,00,00,00,00,00,00,00,00,00,00,00,00,00,00,00,00,00,00,00,00,00,00,00,00,00,00,00,00,01,00
2026-07-23 13:00:06,3D,00,36,01,1D,0C,62,0E,00,FF,FF,00,00,00,00,FF,63,00,00,00,00,00,00,FF,C5,00,00,00,00,01,00,00,00,00,00,00,00,00,00,00,00,00,00,00,00,00,00,00,00,00,00,00,00,00,00,00,00,00,00,00,00,00,00,00,00,00,00,00,00,00,00,00,00,04,19,69,F4,20,1C,00,00,00,00,00,00,00,58,02,00,00,00,00,00,00,64,00,00,00,00,49,00,00,2D,00,05,00,3C,00,1E,00,46,00,28,00,00,00,00,00,00,00,00,00,08,08,18,00,00,00,00,00,00,00,00,00,00,00,00,00,00,00,00,00,00,00,68,01,00,00,00,00,00,00,00,00,00,00,00,00,00,00,00,00,00,00,00,00,00,00,FF,22,00,FF,32,00,EA,FF,4C,FF,24,FF,56,FF,2E,00,00,00,00,00,00,00,00,00,08,08,08,00,00,00,00,00,00,00,00,00,00,00,00,00,00,00,00,00,00,00,00,00,00,00,00,00,00,00,00,00,00,00,03,00
2026-07-23 13:10:06,3D,00,36,01,1D,0C,62,0E,00,FF,FF,00,00,00,00,FF,63,00,00,00,00,00,00,FF,D2,00,00,00,00,01,00,00,00,00,00,00,00,00,00,00,00,00,00,00,00,00,00,00,00,00,00,00,00,00,00,00,00,00,00,00,00,00,00,00,00,00,00,00,00,00,00,00,00,04,19,11,F2,20,1C,00,00,00,00,00,00,00,3A,07,00,00,00,00,00,00,64,00,00,00,00,4D,00,00,49,00,05,00,3C,00,1E,00,46,00,28,00,00,00,00,00,00,00,00,00,08,08,18,00,00,00,00,00,00,00,00,00,00,00,00,00,00,00,00,00,00,00,68,01,00,00,00,00,00,00,00,00,00,00,00,00,00,00,00,00,00,00,00,00,00,00,FF,37,00,FF,48,00,EA,FF,4C,FF,24,FF,56,FF,2E,00,00,00,00,00,00,00,00,00,08,08,08,00,00,00,00,00,00,00,00,00,00,00,00,00,00,00,00,00,00,00,00,00,00,00,00,00,00,00,00,00,00,00,01,00
2026-07-23 13:20:06,3D,00,36,01,1D,0C,62,0E,00,FF,FF,00,00,00,00,FF,6B,00,00,00,00,00,00,FF,D6,00,00,00,00,01,00,00,00,00,00,00,00,00,00,00,00,00,00,00,00,00,00,00,00,00,00,00,00,00,00,00,00,00,00,00,00,00,00,00,00,00,00,00,00,00,00,00,00,04,19,B9,EF,20,1C,00,00,00,00,00,00,00,00,00,00,00,00,00,00,00,64,00,00,00,00,51,00,00,4E,00,05,00,3C,00,1E,00,46,00,28,00,00,00,00,00,00,00,00,00,08,08,18,00,00,00,00,00,00,00,00,00,00,00,00,00,00,00,00,00,00,00,68,01,00,00,00,00,00,00,00,00,00,00,00,00,00,00,00,00,00,00,00,00,00,00,FF,4A,00,FF,5C,00,EA,FF,4C,FF,24,FF,56,FF,2E,00,00,00,00,00,00,00,00,00,08,08,08,00,00,00,00,00,00,00,00,00,00,00,00,00,00,00,00,00,00,00,00,00,00,00,00,00,00,00,00,00,00,00,01,00
2026-07-23 13:30:06,3D,00,36,01,1D,0C,62,0E,00,FF,FF,00,00,00,00,FF,67,00,00,00,00,00,00,FF,BE,00,00,00,00,00,00,00,00,00,00,00,00,00,00,00,00,00,00,00,00,00,00,00,00,00,00,00,00,00,00,00,00,00,00,00,00,00,00,00,00,00,00,00,00,00,00,00,00,04,19,61,ED,20,1C,00,00,00,00,00,00,00,58,02,00,00,00,00,00,00,64,00,00,00,00,44,00,00,0B,00,05,00,3C,00,1E,00,46,00,28,00,00,00,00,00,00,00,00,00,08,08,18,00,00,00,00,00,00,00,00,00,00,00,00,00,00,00,00,00,00,00,68,01,00,00,00,00,00,00,00,00,00,00,00,00,01,00,00,00,00,00,00,00,00,00,FF,1D,00,FF,26,00,EA,FF,4C,FF,24,FF,56,FF,2E,00,00,00,00,00,00,00,00,00,18,08,08,00,00,00,00,00,00,00,00,00,00,00,00,00,00,00,00,00,00,00,00,00,00,00,00,00,00,00,00,00,00,00,01,00
2026-07-23 13:40:06,3D,00,36,01,1D,0C,62,0F,00,FF,FF,00,00,00,00,FF,61,00,00,00,00,00,00,FF,D0,00,00,00,00,00,00,00,00,00,00,00,00,00,00,00,00,00,00,00,00,00,00,00,00,00,00,00,00,00,00,00,00,00,00,00,00,00,00,00,00,00,00,00,00,00,00,00,01,00,1A,FF,FF,20,1C,00,00,00,00,00,00,00,3A,07,00,00,00,00,00,00,64,00,00,00,00,53,00,00,40,00,05,00,3C,00,1E,00,46,00,28,00,00,00,00,00,00,00,00,00,08,08,18,00,00,00,00,00,00,00,00,00,00,00,00,00,00,00,00,00,00,00,68,01,00,00,00,00,00,00,00,00,00,00,00,00,00,00,00,00,00,00,00,00,00,00,FF,49,00,FF,42,00,EA,FF,4C,FF,24,FF,56,FF,2E,00,00,00,00,00,00,00,00,00,08,08,08,00,00,00,00,00,00,00,00,00,00,00,00,00,00,00,00,00,00,00,00,00,00,00,00,00,00,00,00,00,00,00,01,00
2026-07-23 13:50:06,3D,00,36,01,1D,0C,62,0F,00,FF,FF,00,00,00,00,FF,76,00,00,00,00,00,00,FF,9D,00,00,00,00,00,00,00,00,00,00,00,00,00,00,00,00,00,00,00,00,00,00,00,00,00,00,00,00,00,00,00,37,46,00,02,00,00,05,00,00,00,00,00,00,00,00,00,01,04,1A,C9,FD,20,1C,00,00,00,00,00,28,00,00,00,00,00,00,00,00,00,64,00,00,00,00,4F,00,FF,98,00,05,00,3C,00,1E,00,46,00,28,00,00,00,00,00,00,00,00,00,08,08,18,00,00,00,00,00,00,00,00,00,00,00,00,00,00,00,00,00,00,00,68,01,00,00,00,00,00,00,00,00,4B,00,00,00,00,00,00,00,00,00,00,00,00,00,FF,2A,00,FE,C0,00,EA,FF,4C,FF,24,FF,56,FF,2E,00,00,00,00,00,00,00,00,00,08,08,08,00,00,00,00,00,00,00,00,00,00,00,00,00,00,00,00,00,00,00,00,00,00,00,00,00,00,00,00,00,00,00,01,00
2026-07-23 14:00:06,3D,00,36,01,1D,0C,62,0F,00,FF,FF,00,00,00,00,FF,67,00,00,00,00,00,00,FF,C4,00,00,00,00,00,00,00,00,00,00,00,00,00,00,00,00,00,00,00,00,00,00,00,00,00,00,00,00,00,00,00,00,00,00,00,00,00,0C,00,00,00,00,00,00,00,00,00,00,04,1A,71,FB,20,1C,00,00,00,00,00,00,00,58,02,00,01,00,00,00,00,64,00,00,00,00,51,00,00,3D,00,05,00,3C,00,1E,00,46,00,28,00,00,00,00,00,00,00,00,00,08,18,18,00,00,00,00,00,00,00,00,00,00,00,00,00,00,00,00,00,00,00,68,01,00,00,00,00,00,00,00,00,00,00,00,00,00,01,00,00,00,00,00,00,00,00,FF,29,00,FF,42,00,EA,FF,4C,FF,24,FF,56,FF,2E,00,00,00,00,00,00,00,00,00,08,18,08,00,00,00,00,00,00,00,00,00,00,00,00,00,00,00,00,00,00,00,00,00,00,00,00,00,00,00,00,00,00,00,01,00
2026-07-23 14:10:06,3D,00,36,01,1D,0C,62,0F,00,FF,FF,00,00,00,00,FF,83,00,00,00,00,00,00,FF,D2,00,00,00,00,00,00,00,00,00,00,00,00,00,00,00,00,00,00,00,00,00,00,00,00,00,00,00,00,00,00,00,00,00,00,00,00,00,0C,00,00,00,00,00,00,00,00,00,00,04,1A,19,F9,20,1C,00,00,00,00,00,00,00,3A,07,00,01,00,00,00,00,64,00,00,00,00,55,00,00,51,00,05,00,3C,00,1E,00,46,00,28,00,00,00,00,00,00,00,00,00,08,18,18,00,00,00,00,00,00,00,00,00,00,00,00,00,00,00,00,00,00,00,68,01,00,00,00,00,00,00,00,00,00,00,00,00,00,01,00,00,00,00,00,00,00,00,FF,9D,00,00,8A,00,EA,FF,4C,FF,24,FF,56,FF,2E,00,00,00,00,00,00,00,00,00,08,18,08,00,00,00,00,00,00,00,00,00,00,00,00,00,00,00,00,00,00,00,00,00,00,00,00,00,00,00,00,00,00,00,01,00
2026-07-23 14:20:06,3D,00,36,01,1D,0C,62,0F,00,FF,FF,00,00,00,00,FF,AF,00,00,00,00,00,00,FF,D6,00,00,00,00,00,00,00,00,00,00,00,00,00,00,00,00,00,00,00,00,00,00,00,00,00,00,00,00,00,00,00,78,46,00,01,00,00,05,00,00,00,00,00,00,00,00,00,02,04,1A,C1,F6,20,1C,00,00,00,00,00,3C,00,00,00,00,00,00,00,00,00,64,00,00,00,00,57,00,00,50,00,05,00,3C,00,1E,00,46,00,28,00,00,00,00,00,00,00,00,00,08,08,18,00,00,00,00,00,00,00,00,00,00,00,00,00,00,00,00,00,00,00,68,01,00,00,00,00,00,00,00,00,5A,00,00,00,00,00,00,00,00,00,00,00,00,00,FF,C1,00,00,86,00,EA,FF,4C,FF,24,FF,56,FF,2E,00,00,00,00,00,00,00,00,00,08,08,08,00,00,00,00,00,00,00,00,00,00,00,00,00,00,00,00,00,00,00,00,00,00,00,00,00,00,00,00,00,00,00,01,00
2026-07-23 14:30:06,3D,00,36,01,1D,0C,62,0F,00,FF,FF,00,00,00,00,FF,B5,00,00,00,00,00,00,FF,9F,00,00,00,00,00,00,00,00,00,00,00,00,00,00,00,00,00,00,00,00,00,00,00,00,00,00,00,00,00,00,00,78,46,00,02,00,00,05,00,00,00,00,00,00,00,00,00,02,04,1A,69,F4,20,1C,00,00,00,00,00,28,00,58,02,00,00,00,00,00,00,64,00,00,00,00,3F,00,FF,9A,00,05,00,3C,00,1E,00,46,00,28,00,00,00,00,00,00,00,00,00,08,08,18,00,00,00,00,00,00,00,00,00,00,00,00,00,00,00,00,00,00,00,68,01,00,00,00,00,00,00,00,00,5A,00,00,00,00,00,00,00,00,00,00,00,00,00,FF,48,00,FE,C1,00,EA,FF,4C,FF,24,FF,56,FF,2E,00,00,00,00,00,00,00,00,00,08,08,08,00,00,00,00,00,00,00,00,00,00,00,00,00,00,00,00,00,00,00,00,00,00,00,00,00,00,00,00,00,00,00,01,00
2026-07-23 14:40:06,3D,00,36,01,1D,0C,62,0F,00,FF,FF,00,00,00,00,FF,8B,00,00,00,00,00,00,FF,BA,00,00,00,00,00,00,00,00,00,00,00,00,00,00,00,00,00,00,00,00,00,00,00,00,00,00,00,00,00,00,00,00,00,00,00,00,00,00,00,00,00,00,00,00,00,00,00,00,06,1A,11,F2,20,1C,00,00,00,00,00,00,00,3A,07,00,00,00,00,00,00,64,00,00,00,00,3B,00,00,17,00,05,00,3C,00,1E,00,46,00,28,00,00,00,00,00,00,00,00,00,08,08,18,00,00,00,00,00,00,00,00,00,00,00,00,00,00,00,00,00,00,00,68,01,00,00,00,00,00,00,00,00,00,00,00,00,00,00,00,00,00,00,00,00,00,00,FF,21,00,FF,31,00,EA,FF,4C,FF,24,FF,56,FF,2E,00,00,00,00,00,00,00,00,00,08,08,08,00,00,00,00,00,00,00,00,00,00,00,00,00,00,00,00,00,00,00,00,00,00,00,00,00,00,00,00,00,00,00,01,00
2026-07-23 14:50:06,3D,00,36,01,1D,0C,62,0F,00,FF,FF,00,00,00,00,FF,76,00,00,00,00,00,00,FF,CF,00,00,00,00,00,00,00,00,00,00,00,00,00,00,00,00,00,00,00,00,00,00,00,00,00,00,00,00,00,00,00,00,00,00,00,00,00,00,00,00,00,00,00,00,00,00,00,00,04,1A,B9,EF,20,1C,00,00,00,00,00,00,00,00,00,00,00,00,00,00,00,64,00,00,00,00,3E,00,00,3B,00,05,00,3C,00,1E,00,46,00,28,00,00,00,00,00,00,00,00,00,08,08,18,00,00,00,00,00,00,00,00,00,00,00,00,00,00,00,00,00,00,00,68,01,00,00,00,00,00,00,00,00,00,00,00,00,00,00,00,00,00,00,00,00,00,00,FF,37,00,FF,46,00,EA,FF,4C,FF,24,FF,56,FF,2E,00,00,00,00,00,00,00,00,00,08,08,08,00,00,00,00,00,00,00,00,00,00,00,00,00,00,00,00,00,00,00,00,00,00,00,00,00,00,00,00,00,00,00,01,00
2026-07-23 15:00:06,3D,00,36,01,1D,0C,62,0E,00,FF,FF,00,00,00,00,FF,76,00,00,00,00,00,00,FF,D6,00,00,00,00,00,00,00,00,00,00,00,00,00,00,00,00,00,00,00,00,00,00,00,00,00,00,00,00,00,00,00,00,00,00,00,00,00,00,00,00,00,00,00,00,00,00,00,00,04,1A,61,ED,20,1C,00,00,00,00,00,00,00,58,02,00,00,00,00,00,00,64,00,00,00,00,43,00,00,41,00,05,00,3C,00,1E,00,46,00,28,00,00,00,00,00,00,00,00,00,08,08,18,00,00,00,00,00,00,00,00,00,00,00,00,00,00,00,00,00,00,00,68,01,00,00,00,00,00,00,00,00,00,00,00,00,00,00,00,00,00,00,00,00,00,00,FF,49,00,FF,59,00,EA,FF,4C,FF,24,FF,56,FF,2E,00,00,00,00,00,00,00,00,00,08,08,08,00,00,00,00,00,00,00,00,00,00,00,00,00,00,00,00,00,00,00,00,00,00,00,00,00,00,00,00,00,00,00,01,00
2026-07-23 15:10:06,3D,00,36,01,1D,0C,62,0E,00,FF,FF,00,00,00,00,FF,6D,00,00,00,00,00,00,FF,BD,00,00,00,00,00,00,00,00,00,00,00,00,00,00,00,00,00,00,00,00,00,00,00,00,00,00,00,00,00,00,00,00,00,00,00,00,00,00,00,00,00,00,00,00,00,00,00,00,00,1B,FF,FF,20,1C,00,00,00,00,00,00,00,3A,07,00,00,00,00,00,00,64,00,00,00,00,48,00,FF,FC,00,05,00,3C,00,1E,00,46,00,28,00,00,00,00,00,00,00,00,00,08,08,18,00,00,00,00,00,00,00,00,00,00,00,00,00,00,00,00,00,00,00,68,01,00,00,00,00,00,00,00,00,00,00,00,00,00,00,00,00,00,00,00,00,00,00,FF,37,00,FF,22,00,EA,FF,4C,FF,24,FF,56,FF,2E,00,00,00,00,00,00,00,00,00,08,08,08,00,00,00,00,00,00,00,00,00,00,00,00,00,00,00,00,00,00,00,00,00,00,00,00,00,00,00,00,00,00,00,01,00
2026-07-23 15:20:06,3D,00,36,01,1D,0C,62,0E,00,FF,FF,00,00,00,00,FF,78,00,00,00,00,00,00,FF,99,00,00,00,00,00,00,00,00,00,00,00,00,00,00,00,00,00,00,00,00,00,00,00,00,00,00,00,00,00,00,00,00,00,00,00,00,00,00,00,00,00,00,00,00,00,00,00,00,04,1B,C9,FD,20,1C,00,00,00,00,00,00,00,00,00,00,00,00,00,00,00,64,00,00,00,00,4D,00,FF,9B,00,05,00,3C,00,1E,00,46,00,28,00,00,00,00,00,00,00,00,00,18,08,18,00,00,00,00,00,00,00,00,00,00,00,00,00,00,00,00,00,00,00,68,01,00,00,00,00,00,00,00,00,00,00,00,00,00,00,00,00,00,00,00,00,00,00,FF,23,00,FE,CB,00,EA,FF,4C,FF,24,FF,56,FF,2E,00,00,00,00,00,00,00,00,00,08,08,08,00,00,00,00,00,00,00,00,00,00,00,00,00,00,00,00,00,00,00,00,00,00,00,00,00,00,00,00,00,00,00,01,00
2026-07-23 15:30:06,3D,00,36,01,1D,0C,62,0E,00,FF,FF,00,00,00,00,FF,67,00,00,00,00,00,00,FF,C5,00,00,00,00,00,00,00,00,00,00,00,00,00,00,00,00,00,00,00,00,00,00,00,00,00,00,00,00,00,00,00,00,00,00,00,00,00,00,00,00,00,00,00,00,00,00,00,00,04,1B,71,FB,20,1C,00,00,00,00,00,00,00,58,02,00,00,00,00,00,00,64,00,00,00,00,51,00,00,3E,00,05,00,3C,00,1E,00,46,00,28,00,00,00,00,00,00,00,00,00,18,08,18,00,00,00,00,00,00,00,00,00,00,00,00,00,00,00,00,00,00,00,68,01,00,00,00,00,00,00,00,00,00,00,00,00,00,00,00,00,00,00,00,00,00,00,FF,29,00,FF,3A,00,EA,FF,4C,FF,24,FF,56,FF,2E,00,00,00,00,00,00,00,00,00,08,08,08,00,00,00,00,00,00,00,00,00,00,00,00,00,00,00,00,00,00,00,00,00,00,00,00,00,00,00,00,00,00,00,01,00
2026-07-23 15:40:06,3D,00,36,01,1D,0C,62,0E,00,FF,FF,00,00,00,00,FF,67,00,00,00,00,00,00,FF,D3,00,00,00,00,00,00,00,00,00,00,00,00,00,00,00,00,00,00,00,00,00,00,00,00,00,00,00,00,00,00,00,00,00,00,00,00,00,00,00,00,00,00,00,00,00,00,00,00,04,1B,19,F9,20,1C,00,00,00,00,00,00,00,3A,07,00,00,00,00,00,00,64,00,00,00,00,54,00,00,51,00,05,00,3C,00,1E,00,46,00,28,00,00,00,00,00,00,00,00,00,08,08,18,00,00,00,00,00,00,00,00,00,00,00,00,00,00,00,00,00,00,00,68,01,00,00,00,00,00,00,00,00,00,00,00,00,00,00,00,00,00,00,00,00,00,00,FF,3D,00,FF,4D,00,EA,FF,4C,FF,24,FF,56,FF,2E,00,00,00,00,00,00,00,00,00,08,08,08,00,00,00,00,00,00,00,00,00,00,00,00,00,00,00,00,00,00,00,00,00,00,00,00,00,00,00,00,00,00,00,01,00
2026-07-23 15:50:06,3D,00,36,01,1D,0C,62,0E,00,FF,FF,00,00,00,00,FF,6F,00,00,00,00,00,00,FF,C2,00,00,00,00,00,00,00,00,00,00,00,00,00,00,00,00,00,00,00,00,00,00,00,00,00,00,00,00,00,00,00,37,46,00,02,00,00,05,00,00,00,00,00,00,00,00,00,00,04,1B,C1,F6,20,1C,00,00,00,00,00,28,00,00,00,00,00,00,00,00,00,64,00,00,00,00,4F,00,FC,19,01,05,00,3C,00,1E,00,46,00,28,00,00,00,00,00,00,00,00,00,08,08,18,00,00,00,00,00,00,00,00,00,00,00,00,00,00,00,00,00,00,00,68,01,00,00,00,00,00,00,00,00,4B,00,00,00,00,00,00,00,00,00,00,00,00,00,FF,41,00,FE,E6,00,EA,FF,4C,FF,24,FF,56,FF,2E,00,00,00,00,00,00,00,00,00,08,08,18,00,00,00,00,00,00,00,00,00,00,00,00,00,00,00,00,00,00,00,00,00,00,00,00,00,00,00,00,00,00,00,01,00
2026-07-23 16:00:06,3D,00,36,01,1D,0C,62,0E,00,FF,FF,00,00,00,00,FF,64,00,00,00,00,00,00,FF,C7,00,00,00,00,01,00,00,00,00,00,00,00,00,00,00,00,00,00,00,00,00,00,00,00,00,00,00,00,00,00,00,00,00,00,00,00,00,00,00,00,00,00,00,00,00,00,00,00,04,1B,69,F4,20,1C,00,00,00,00,00,00,00,58,02,00,00,00,00,00,00,64,00,00,00,00,49,00,00,2D,00,05,00,3C,00,1E,00,46,00,28,00,00,00,00,00,00,00,00,00,08,08,18,00,00,00,00,00,00,00,00,00,00,00,00,00,00,00,00,00,00,00,68,01,00,00,00,00,00,00,00,00,00,00,00,00,00,00,00,00,00,00,00,00,00,00,FC,19,01,FF,33,00,EA,FF,4C,FF,24,FF,56,FF,2E,00,00,00,00,00,00,00,00,00,08,08,08,00,00,00,00,00,00,00,00,00,00,00,00,00,00,00,00,00,00,00,00,00,00,00,00,00,00,00,00,00,00,00,03,00
2026-07-23 16:10:06,3D,00,36,01,1D,0C,62,0E,00,FF,FF,00,00,00,00,FF,62,00,00,00,00,00,00,FF,D3,00,00,00,00,01,00,00,00,00,00,00,00,00,00,00,00,00,00,00,00,00,00,00,00,00,00,00,00,00,00,00,00,00,00,00,00,00,00,00,00,00,00,00,00,00,00,00,00,04,1B,11,F2,20,1C,00,00,00,00,00,00,00,3A,07,00,00,00,00,00,00,64,00,00,00,00,4C,00,00,49,00,05,00,3C,00,1E,00,46,00,28,00,00,00,00,00,00,00,00,00,08,08,18,00,00,00,00,00,00,00,00,00,00,00,00,00,00,00,00,00,00,00,68,01,00,00,00,00,00,00,00,00,00,00,00,00,00,00,00,00,00,00,00,00,00,00,FF,37,00,FF,48,00,EA,FF,4C,FF,24,FF,56,FF,2E,00,00,00,00,00,00,00,00,00,08,08,08,00,00,00,00,00,00,00,00,00,00,00,00,00,00,00,00,00,00,00,00,00,00,00,00,00,00,00,00,00,00,00,01,00
2026-07-23 16:20:06,3D,00,36,01,1D,0C,62,0E,00,FF,FF,00,00,00,00,FF,69,00,00,00,00,00,00,FF,D7,00,00,00,00,01,00,00,00,00,00,00,00,00,00,00,00,00,00,00,00,00,00,00,00,00,00,00,00,00,00,00,00,00,00,00,00,00,00,00,00,00,00,00,00,00,00,00,00,04,1B,B9,EF,20,1C,00,00,00,00,00,00,00,00,00,00,00,00,00,00,00,64,00,00,00,00,4F,00,00,4E,00,05,00,3C,00,1E,00,46,00,28,00,00,00,00,00,00,00,00,00,08,08,18,00,00,00,00,00,00,00,00,00,00,00,00,00,00,00,00,00,00,00,68,01,00,00,00,00,00,00,00,00,00,00,00,00,00,00,00,00,00,00,00,00,00,00,FF,4B,00,FF,5B,00,EA,FF,4C,FF,24,FF,56,FF,2E,00,00,00,00,00,00,00,00,00,08,08,08,00,00,00,00,00,00,00,00,00,00,00,00,00,00,00,00,00,00,00,00,00,00,00,00,00,00,00,00,00,00,00,01,00
2026-07-23 16:30:06,3D,00,36,01,1D,0C,62,0E,00,FF,FF,00,00,00,00,FF,66,00,00,00,00,00,00,FF,BF,00,00,00,00,00,00,00,00,00,00,00,00,00,00,00,00,00,00,00,00,00,00,00,00,00,00,00,00,00,00,00,00,00,00,00,00,00,00,00,00,00,00,00,00,00,00,00,00,04,1B,61,ED,20,1C,00,00,00,00,00,00,00,58,02,00,00,00,00,00,00,64,00,00,00,00,43,00,00,0C,00,05,00,3C,00,1E,00,46,00,28,00,00,00,00,00,00,00,00,00,08,08,18,00,00,00,00,00,00,00,00,00,00,00,00,00,00,00,00,00,00,00,68,01,00,00,00,00,00,00,00,00,00,00,00,00,01,00,00,00,00,00,00,00,00,00,FF,1E,00,FF,26,00,EA,FF,4C,FF,24,FF,56,FF,2E,00,00,00,00,00,00,00,00,00,18,08,08,00,00,00,00,00,00,00,00,00,00,00,00,00,00,00,00,00,00,00,00,00,00,00,00,00,00,00,00,00,00,00,01,00
2026-07-23 16:40:07,3D,00,36,01,1D,0C,62,0F,00,FF,FF,00,00,00,00,FF,60,00,00,00,00,00,00,FF,D0,00,00,00,00,00,00,00,00,00,00,00,00,00,00,00,00,00,00,00,00,00,00,00,00,00,00,00,00,00,00,00,00,00,00,00,00,00,00,00,00,00,00,00,00,00,00,00,01,00,1C,FF,FF,20,1C,00,00,00,00,00,00,00,3A,07,00,00,00,00,00,00,64,00,00,00,00,55,00,00,41,00,05,00,3C,00,1E,00,46,00,28,00,00,00,00,00,00,00,00,00,08,08,18,00,00,00,00,00,00,00,00,00,00,00,00,00,00,00,00,00,00,00,68,01,00,00,00,00,00,00,00,00,00,00,00,00,00,00,00,00,00,00,00,00,00,00,FF,4D,00,FF,43,00,EA,FF,4C,FF,24,FF,56,FF,2E,00,00,00,00,00,00,00,00,00,08,08,08,00,00,00,00,00,00,00,00,00,00,00,00,00,00,00,00,00,00,00,00,00,00,00,00,00,00,00,00,00,00,00,01,00
2026-07-23 16:50:06,3D,00,36,01,1D,0C,62,0F,00,FF,FF,00,00,00,00,FF,77,00,00,00,00,00,00,FF,9F,00,00,00,00,00,00,00,00,00,00,00,00,00,00,00,00,00,00,00,00,00,00,00,00,00,00,00,00,00,00,00,37,46,00,02,00,00,05,00,00,00,00,00,00,00,00,00,01,04,1C,C9,FD,20,1C,00,00,00,00,00,28,00,00,00,00,00,00,00,00,00,64,00,00,00,00,4F,00,FF,99,00,05,00,3C,00,1E,00,46,00,28,00,00,00,00,00,00,00,00,00,08,08,18,00,00,00,00,00,00,00,00,00,00,00,00,00,00,00,00,00,00,00,68,01,00,00,00,00,00,00,00,00,4B,00,00,00,00,00,00,00,00,00,00,00,00,00,FF,29,00,FE,C0,00,EA,FF,4C,FF,24,FF,56,FF,2E,00,00,00,00,00,00,00,00,00,08,08,08,00,00,00,00,00,00,00,00,00,00,00,00,00,00,00,00,00,00,00,00,00,00,00,00,00,00,00,00,00,00,00,01,00
2026-07-23 17:00:06,3D,00,36,01,1D,0C,62,0F,00,FF,FF,00,00,00,00,FF,67,00,00,00,00,00,00,FF,C5,00,00,00,00,00,00,00,00,00,00,00,00,00,00,00,00,00,00,00,00,00,00,00,00,00,00,00,00,00,00,00,00,00,00,00,00,00,0C,00,00,00,00,00,00,00,00,00,00,04,1C,71,FB,20,1C,00,00,00,00,00,00,00,58,02,00,01,00,00,00,00,64,00,00,00,00,50,00,00,3B,00,05,00,3C,00,1E,00,46,00,28,00,00,00,00,00,00,00,00,00,08,18,18,00,00,00,00,00,00,00,00,00,00,00,00,00,00,00,00,00,00,00,68,01,00,00,00,00,00,00,00,00,00,00,00,00,00,01,00,00,00,00,00,00,00,00,FF,2A,00,FF,42,00,EA,FF,4C,FF,24,FF,56,FF,2E,00,00,00,00,00,00,00,00,00,08,18,08,00,00,00,00,00,00,00,00,00,00,00,00,00,00,00,00,00,00,00,00,00,00,00,00,00,00,00,00,00,00,00,01,00
2026-07-23 17:10:06,3D,00,36,01,1D,0C,62,0F,00,FF,FF,00,00,00,00,FF,83,00,00,00,00,00,00,FF,D3,00,00,00,00,00,00,00,00,00,00,00,00,00,00,00,00,00,00,00,00,00,00,00,00,00,00,00,00,00,00,00,00,00,00,00,00,00,0C,00,00,00,00,00,00,00,00,00,00,04,1C,19,F9,20,1C,00,00,00,00,00,00,00,3A,07,00,01,00,00,00,00,64,00,00,00,00,54,00,00,51,00,05,00,3C,00,1E,00,46,00,28,00,00,00,00,00,00,00,00,00,08,18,18,00,00,00,00,00,00,00,00,00,00,00,00,00,00,00,00,00,00,00,68,01,00,00,00,00,00,00,00,00,00,00,00,00,00,01,00,00,00,00,00,00,00,00,FF,9C,00,00,89,00,EA,FF,4C,FF,24,FF,56,FF,2E,00,00,00,00,00,00,00,00,00,08,18,08,00,00,00,00,00,00,00,00,00,00,00,00,00,00,00,00,00,00,00,00,00,00,00,00,00,00,00,00,00,00,00,01,00
2026-07-23 17:20:06,3D,00,36,01,1D,0C,62,0F,00,FF,FF,00,00,00,00,FF,AF,00,00,00,00,00,00,FF,D6,00,00,00,00,00,00,00,00,00,00,00,00,00,00,00,00,00,00,00,00,00,00,00,00,00,00,00,00,00,00,00,78,46,00,01,00,00,05,00,00,00,00,00,00,00,00,00,02,04,1C,C1,F6,20,1C,00,00,00,00,00,3C,00,00,00,00,00,00,00,00,00,64,00,00,00,00,57,00,00,50,00,05,00,3C,00,1E,00,46,00,28,00,00,00,00,00,00,00,00,00,08,08,18,00,00,00,00,00,00,00,00,00,00,00,00,00,00,00,00,00,00,00,68,01,00,00,00,00,00,00,00,00,5A,00,00,00,00,00,00,00,00,00,00,00,00,00,FF,C1,00,00,87,00,EA,FF,4C,FF,24,FF,56,FF,2E,00,00,00,00,00,00,00,00,00,08,08,08,00,00,00,00,00,00,00,00,00,00,00,00,00,00,00,00,00,00,00,00,00,00,00,00,00,00,00,00,00,00,00,01,00
2026-07-23 17:30:07,3D,00,36,01,1D,0C,62,0F,00,FF,FF,00,00,00,00,FF,B4,00,00,00,00,00,00,FF,9F,00,00,00,00,00,00,00,00,00,00,00,00,00,00,00,00,00,00,00,00,00,00,00,00,00,00,00,00,00,00,00,78,46,00,02,00,00,05,00,00,00,00,00,00,00,00,00,02,04,1C,68,F4,20,1C,00,00,00,00,00,28,00,BC,02,00,00,00,00,00,00,64,00,00,00,00,3D,00,FF,99,00,05,00,3C,00,1E,00,46,00,28,00,00,00,00,00,00,00,00,00,08,08,18,00,00,00,00,00,00,00,00,00,00,00,00,00,00,00,00,00,00,00,68,01,00,00,00,00,00,00,00,00,5A,00,00,00,00,00,00,00,00,00,00,00,00,00,FF,48,00,FE,C1,00,EA,FF,4C,FF,24,FF,56,FF,2E,00,00,00,00,00,00,00,00,00,08,08,08,00,00,00,00,00,00,00,00,00,00,00,00,00,00,00,00,00,00,00,00,00,00,00,00,00,00,00,00,00,00,00,01,00
2026-07-23 17:40:06,3D,00,36,01,1D,0C,62,0F,00,FF,FF,00,00,00,00,FF,8A,00,00,00,00,00,00,FF,BB,00,00,00,00,00,00,00,00,00,00,00,00,00,00,00,00,00,00,00,00,00,00,00,00,00,00,00,00,00,00,00,00,00,00,00,00,00,00,00,00,00,00,00,00,00,00,00,00,06,1C,11,F2,20,1C,00,00,00,00,00,00,00,3A,07,00,00,00,00,00,00,64,00,00,00,00,3A,00,00,17,00,05,00,3C,00,1E,00,46,00,28,00,00,00,00,00,00,00,00,00,08,08,18,00,00,00,00,00,00,00,00,00,00,00,00,00,00,00,00,00,00,00,68,01,00,00,00,00,00,00,00,00,00,00,00,00,00,00,00,00,00,00,00,00,00,00,FF,23,00,FF,31,00,EA,FF,4C,FF,24,FF,56,FF,2E,00,00,00,00,00,00,00,00,00,08,08,08,00,00,00,00,00,00,00,00,00,00,00,00,00,00,00,00,00,00,00,00,00,00,00,00,00,00,00,00,00,00,00,01,00
2026-07-23 17:50:06,3D,00,36,01,1D,0C,62,0F,00,FF,FF,00,00,00,00,FF,77,00,00,00,00,00,00,FF,D0,00,00,00,00,00,00,00,00,00,00,00,00,00,00,00,00,00,00,00,00,00,00,00,00,00,00,00,00,00,00,00,00,00,00,00,00,00,00,00,00,00,00,00,00,00,00,00,00,04,1C,B9,EF,20,1C,00,00,00,00,00,00,00,00,00,00,00,00,00,00,00,64,00,00,00,00,3F,00,00,3A,00,05,00,3C,00,1E,00,46,00,28,00,00,00,00,00,00,00,00,00,08,08,18,00,00,00,00,00,00,00,00,00,00,00,00,00,00,00,00,00,00,00,68,01,00,00,00,00,00,00,00,00,00,00,00,00,00,00,00,00,00,00,00,00,00,00,FF,35,00,FF,47,00,EA,FF,4C,FF,24,FF,56,FF,2E,00,00,00,00,00,00,00,00,00,08,08,08,00,00,00,00,00,00,00,00,00,00,00,00,00,00,00,00,00,00,00,00,00,00,00,00,00,00,00,00,00,00,00,01,00
2026-07-23 18:00:06,3D,00,36,01,1D,0C,62,0E,00,FF,FF,00,00,00,00,FF,75,00,00,00,00,00,00,FF,D6,00,00,00,00,00,00,00,00,00,00,00,00,00,00,00,00,00,00,00,00,00,00,00,00,00,00,00,00,00,00,00,00,00,00,00,00,00,00,00,00,00,00,00,00,00,00,00,00,04,1C,61,ED,20,1C,00,00,00,00,00,00,00,58,02,00,00,00,00,00,00,64,00,00,00,00,42,00,00,40,00,05,00,3C,00,1E,00,46,00,28,00,00,00,00,00,00,00,00,00,08,08,18,00,00,00,00,00,00,00,00,00,00,00,00,00,00,00,00,00,00,00,68,01,00,00,00,00,00,00,00,00,00,00,00,00,00,00,00,00,00,00,00,00,00,00,FF,49,00,FF,5A,00,EA,FF,4C,FF,24,FF,56,FF,2E,00,00,00,00,00,00,00,00,00,08,08,08,00,00,00,00,00,00,00,00,00,00,00,00,00,00,00,00,00,00,00,00,00,00,00,00,00,00,00,00,00,00,00,01,00
2026-07-23 18:10:06,3D,00,36,01,1D,0C,62,0E,00,FF,FF,00,00,00,00,FF,6C,00,00,00,00,00,00,FF,BD,00,00,00,00,00,00,00,00,00,00,00,00,00,00,00,00,00,00,00,00,00,00,00,00,00,00,00,00,00,00,00,00,00,00,00,00,00,00,00,00,00,00,00,00,00,00,00,00,00,1D,FF,FF,20,1C,00,00,00,00,00,00,00,3A,07,00,00,00,00,00,00,64,00,00,00,00,48,00,FF,FC,00,05,00,3C,00,1E,00,46,00,28,00,00,00,00,00,00,00,00,00,08,08,18,00,00,00,00,00,00,00,00,00,00,00,00,00,00,00,00,00,00,00,68,01,00,00,00,00,00,00,00,00,00,00,00,00,00,00,00,00,00,00,00,00,00,00,FF,38,00,FF,21,00,EA,FF,4C,FF,24,FF,56,FF,2E,00,00,00,00,00,00,00,00,00,08,08,08,00,00,00,00,00,00,00,00,00,00,00,00,00,00,00,00,00,00,00,00,00,00,00,00,00,00,00,00,00,00,00,01,00
2026-07-23 18:20:06,3D,00,36,01,1D,0C,62,0E,00,FF,FF,00,00,00,00,FF,78,00,00,00,00,00,00,FF,99,00,00,00,00,00,00,00,00,00,00,00,00,00,00,00,00,00,00,00,00,00,00,00,00,00,00,00,00,00,00,00,00,00,00,00,00,00,00,00,00,00,00,00,00,00,00,00,00,04,1D,C9,FD,20,1C,00,00,00,00,00,00,00,00,00,00,00,00,00,00,00,64,00,00,00,00,4C,00,FF,99,00,05,00,3C,00,1E,00,46,00,28,00,00,00,00,00,00,00,00,00,18,08,18,00,00,00,00,00,00,00,00,00,00,00,00,00,00,00,00,00,00,00,68,01,00,00,00,00,00,00,00,00,00,00,00,00,00,00,00,00,00,00,00,00,00,00,FF,22,00,FE,CB,00,EA,FF,4C,FF,24,FF,56,FF,2E,00,00,00,00,00,00,00,00,00,08,08,08,00,00,00,00,00,00,00,00,00,00,00,00,00,00,00,00,00,00,00,00,00,00,00,00,00,00,00,00,00,00,00,01,00
2026-07-23 18:30:06,3D,00,36,01,1D,0C,62,0E,00,FF,FF,00,00,00,00,FF,67,00,00,00,00,00,00,FF,C5,00,00,00,00,00,00,00,00,00,00,00,00,00,00,00,00,00,00,00,00,00,00,00,00,00,00,00,00,00,00,00,00,00,00,00,00,00,00,00,00,00,00,00,00,00,00,00,00,04,1D,71,FB,20,1C,00,00,00,00,00,00,00,58,02,00,00,00,00,00,00,64,00,00,00,00,50,00,00,3F,00,05,00,3C,00,1E,00,46,00,28,00,00,00,00,00,00,00,00,00,18,08,18,00,00,00,00,00,00,00,00,00,00,00,00,00,00,00,00,00,00,00,68,01,00,00,00,00,00,00,00,00,00,00,00,00,00,00,00,00,00,00,00,00,00,00,FF,29,00,FF,39,00,EA,FF,4C,FF,24,FF,56,FF,2E,00,00,00,00,00,00,00,00,00,08,08,08,00,00,00,00,00,00,00,00,00,00,00,00,00,00,00,00,00,00,00,00,00,00,00,00,00,00,00,00,00,00,00,01,00
2026-07-23 18:40:06,3D,00,36,01,1D,0C,62,0E,00,FF,FF,00,00,00,00,FF,67,00,00,00,00,00,00,FF,D3,00,00,00,00,00,00,00,00,00,00,00,00,00,00,00,00,00,00,00,00,00,00,00,00,00,00,00,00,00,00,00,00,00,00,00,00,00,00,00,00,00,00,00,00,00,00,00,00,04,1D,19,F9,20,1C,00,00,00,00,00,00,00,3A,07,00,00,00,00,00,00,64,00,00,00,00,53,00,00,51,00,05,00,3C,00,1E,00,46,00,28,00,00,00,00,00,00,00,00,00,08,08,18,00,00,00,00,00,00,00,00,00,00,00,00,00,00,00,00,00,00,00,68,01,00,00,00,00,00,00,00,00,00,00,00,00,00,00,00,00,00,00,00,00,00,00,FF,3D,00,FF,4E,00,EA,FF,4C,FF,24,FF,56,FF,2E,00,00,00,00,00,00,00,00,00,08,08,08,00,00,00,00,00,00,00,00,00,00,00,00,00,00,00,00,00,00,00,00,00,00,00,00,00,00,00,00,00,00,00,01,00
2026-07-23 18:50:07,3D,00,36,01,1D,0C,62,0E,00,FF,FF,00,00,00,00,FF,70,00,00,00,00,00,00,FF,C1,00,00,00,00,00,00,00,00,00,00,00,00,00,00,00,00,00,00,00,00,00,00,00,00,00,00,00,00,00,00,00,37,46,00,02,00,00,05,00,00,00,00,00,00,00,00,00,00,04,1D,C0,F6,20,1C,00,00,00,00,00,28,00,00,00,00,00,00,00,00,00,64,00,00,00,00,4E,00,FC,19,01,05,00,3C,00,1E,00,46,00,28,00,00,00,00,00,00,00,00,00,08,08,18,00,00,00,00,00,00,00,00,00,00,00,00,00,00,00,00,00,00,00,68,01,00,00,00,00,00,00,00,00,4B,00,00,00,00,00,00,00,00,00,00,00,00,00,FF,40,00,FE,E4,00,EA,FF,4C,FF,24,FF,56,FF,2E,00,00,00,00,00,00,00,00,00,08,08,18,00,00,00,00,00,00,00,00,00,00,00,00,00,00,00,00,00,00,00,00,00,00,00,00,00,00,00,00,00,00,00,01,00
2026-07-23 19:00:06,3D,00,36,01,1D,0C,62,0E,00,FF,FF,00,00,00,00,FF,64,00,00,00,00,00,00,FF,C7,00,00,00,00,01,00,00,00,00,00,00,00,00,00,00,00,00,00,00,00,00,00,00,00,00,00,00,00,00,00,00,00,00,00,00,00,00,00,00,00,00,00,00,00,00,00,00,00,04,1D,69,F4,20,1C,00,00,00,00,00,00,00,58,02,00,00,00,00,00,00,64,00,00,00,00,4A,00,00,2C,00,05,00,3C,00,1E,00,46,00,28,00,00,00,00,00,00,00,00,00,08,08,18,00,00,00,00,00,00,00,00,00,00,00,00,00,00,00,00,00,00,00,68,01,00,00,00,00,00,00,00,00,00,00,00,00,00,00,00,00,00,00,00,00,00,00,FF,24,00,FF,33,00,EA,FF,4C,FF,24,FF,56,FF,2E,00,00,00,00,00,00,00,00,00,08,08,08,00,00,00,00,00,00,00,00,00,00,00,00,00,00,00,00,00,00,00,00,00,00,00,00,00,00,00,00,00,00,00,03,00
2026-07-23 19:10:06,3D,00,36,01,1D,0C,62,0E,00,FF,FF,00,00,00,00,FF,63,00,00,00,00,00,00,FF,D2,00,00,00,00,01,00,00,00,00,00,00,00,00,00,00,00,00,00,00,00,00,00,00,00,00,00,00,00,00,00,00,00,00,00,00,00,00,00,00,00,00,00,00,00,00,00,00,00,04,1D,11,F2,20,1C,00,00,00,00,00,00,00,3A,07,00,00,00,00,00,00,64,00,00,00,00,4C,00,00,48,00,05,00,3C,00,1E,00,46,00,28,00,00,00,00,00,00,00,00,00,08,08,18,00,00,00,00,00,00,00,00,00,00,00,00,00,00,00,00,00,00,00,68,01,00,00,00,00,00,00,00,00,00,00,00,00,00,00,00,00,00,00,00,00,00,00,FF,37,00,FF,48,00,EA,FF,4C,FF,24,FF,56,FF,2E,00,00,00,00,00,00,00,00,00,08,08,08,00,00,00,00,00,00,00,00,00,00,00,00,00,00,00,00,00,00,00,00,00,00,00,00,00,00,00,00,00,00,00,01,00
2026-07-23 19:20:06,3D,00,36,01,1D,0C,62,0E,00,FF,FF,00,00,00,00,FF,6A,00,00,00,00,00,00,FF,D6,00,00,00,00,01,00,00,00,00,00,00,00,00,00,00,00,00,00,00,00,00,00,00,00,00,00,00,00,00,00,00,00,00,00,00,00,00,00,00,00,00,00,00,00,00,00,00,00,04,1D,B9,EF,20,1C,00,00,00,00,00,00,00,00,00,00,00,00,00,00,00,64,00,00,00,00,4F,00,00,4F,00,05,00,3C,00,1E,00,46,00,28,00,00,00,00,00,00,00,00,00,08,08,18,00,00,00,00,00,00,00,00,00,00,00,00,00,00,00,00,00,00,00,68,01,00,00,00,00,00,00,00,00,00,00,00,00,00,00,00,00,00,00,00,00,00,00,FF,4B,00,FF,5B,00,EA,FF,4C,FF,24,FF,56,FF,2E,00,00,00,00,00,00,00,00,00,08,08,08,00,00,00,00,00,00,00,00,00,00,00,00,00,00,00,00,00,00,00,00,00,00,00,00,00,00,00,00,00,00,00,01,00
2026-07-23 19:30:06,3D,00,36,01,1D,0C,62,0E,00,FF,FF,00,00,00,00,FF,66,00,00,00,00,00,00,FF,BE,00,00,00,00,00,00,00,00,00,00,00,00,00,00,00,00,00,00,00,00,00,00,00,00,00,00,00,00,00,00,00,00,00,00,00,00,00,00,00,00,00,00,00,00,00,00,00,00,04,1D,61,ED,20,1C,00,00,00,00,00,00,00,58,02,00,00,00,00,00,00,64,00,00,00,00,44,00,00,0D,00,05,00,3C,00,1E,00,46,00,28,00,00,00,00,00,00,00,00,00,08,08,18,00,00,00,00,00,00,00,00,00,00,00,00,00,00,00,00,00,00,00,68,01,00,00,00,00,00,00,00,00,00,00,00,00,01,00,00,00,00,00,00,00,00,00,FF,1D,00,FF,27,00,EA,FF,4C,FF,24,FF,56,FF,2E,00,00,00,00,00,00,00,00,00,18,08,08,00,00,00,00,00,00,00,00,00,00,00,00,00,00,00,00,00,00,00,00,00,00,00,00,00,00,00,00,00,00,00,01,00
2026-07-23 19:40:06,3D,00,36,01,1D,0C,62,0F,00,FF,FF,00,00,00,00,FF,60,00,00,00,00,00,00,FF,D0,00,00,00,00,00,00,00,00,00,00,00,00,00,00,00,00,00,00,00,00,00,00,00,00,00,00,00,00,00,00,00,00,00,00,00,00,00,00,00,00,00,00,00,00,00,00,00,01,00,1E,FF,FF,20,1C,00,00,00,00,00,00,00,3A,07,00,00,00,00,00,00,64,00,00,00,00,52,00,00,42,00,05,00,3C,00,1E,00,46,00,28,00,00,00,00,00,00,00,00,00,08,08,18,00,00,00,00,00,00,00,00,00,00,00,00,00,00,00,00,00,00,00,68,01,00,00,00,00,00,00,00,00,00,00,00,00,00,00,00,00,00,00,00,00,00,00,FF,4A,00,FF,41,00,EA,FF,4C,FF,24,FF,56,FF,2E,00,00,00,00,00,00,00,00,00,08,08,08,00,00,00,00,00,00,00,00,00,00,00,00,00,00,00,00,00,00,00,00,00,00,00,00,00,00,00,00,00,00,00,01,00
2026-07-23 19:50:06,3D,00,36,01,1D,0C,62,0F,00,FF,FF,00,00,00,00,FF,76,00,00,00,00,00,00,FF,9E,00,00,00,00,00,00,00,00,00,00,00,00,00,00,00,00,00,00,00,00,00,00,00,00,00,00,00,00,00,00,00,37,46,00,02,00,00,05,00,00,00,00,00,00,00,00,00,01,04,1E,C9,FD,20,1C,00,00,00,00,00,28,00,00,00,00,00,00,00,00,00,64,00,00,00,00,4E,00,FF,9A,00,05,00,3C,00,1E,00,46,00,28,00,00,00,00,00,00,00,00,00,08,08,18,00,00,00,00,00,00,00,00,00,00,00,00,00,00,00,00,00,00,00,68,01,00,00,00,00,00,00,00,00,4B,00,00,00,00,00,00,00,00,00,00,00,00,00,FF,2A,00,FE,C0,00,EA,FF,4C,FF,24,FF,56,FF,2E,00,00,00,00,00,00,00,00,00,08,08,08,00,00,00,00,00,00,00,00,00,00,00,00,00,00,00,00,00,00,00,00,00,00,00,00,00,00,00,00,00,00,00,01,00
2026-07-23 20:00:06,3D,00,36,01,1D,0C,62,0F,00,FF,FF,00,00,00,00,FF,67,00,00,00,00,00,00,FF,C5,00,00,00,00,00,00,00,00,00,00,00,00,00,00,00,00,00,00,00,00,00,00,00,00,00,00,00,00,00,00,00,00,00,00,00,00,00,0C,00,00,00,00,00,00,00,00,00,00,04,1E,71,FB,20,1C,00,00,00,00,00,00,00,58,02,00,01,00,00,00,00,64,00,00,00,00,50,00,00,3B,00,05,00,3C,00,1E,00,46,00,28,00,00,00,00,00,00,00,00,00,08,18,18,00,00,00,00,00,00,00,00,00,00,00,00,00,00,00,00,00,00,00,68,01,00,00,00,00,00,00,00,00,00,00,00,00,00,01,00,00,00,00,00,00,00,00,FF,29,00,FF,42,00,EA,FF,4C,FF,24,FF,56,FF,2E,00,00,00,00,00,00,00,00,00,08,18,08,00,00,00,00,00,00,00,00,00,00,00,00,00,00,00,00,00,00,00,00,00,00,00,00,00,00,00,00,00,00,00,01,00
2026-07-23 20:10:06,3D,00,36,01,1D,0C,62,0F,00,FF,FF,00,00,00,00,FF,84,00,00,00,00,00,00,FF,D2,00,00,00,00,00,00,00,00,00,00,00,00,00,00,00,00,00,00,00,00,00,00,00,00,00,00,00,00,00,00,00,00,00,00,00,00,00,0C,00,00,00,00,00,00,00,00,00,00,04,1E,19,F9,20,1C,00,00,00,00,00,00,00,3A,07,00,01,00,00,00,00,64,00,00,00,00,53,00,00,51,00,05,00,3C,00,1E,00,46,00,28,00,00,00,00,00,00,00,00,00,08,18,18,00,00,00,00,00,00,00,00,00,00,00,00,00,00,00,00,00,00,00,68,01,00,00,00,00,00,00,00,00,00,00,00,00,00,01,00,00,00,00,00,00,00,00,FF,9C,00,00,89,00,EA,FF,4C,FF,24,FF,56,FF,2E,00,00,00,00,00,00,00,00,00,08,18,08,00,00,00,00,00,00,00,00,00,00,00,00,00,00,00,00,00,00,00,00,00,00,00,00,00,00,00,00,00,00,00,01,00
2026-07-23 20:20:06,3D,00,36,01,1D,0C,62,0F,00,FF,FF,00,00,00,00,FF,AF,00,00,00,00,00,00,FF,D6,00,00,00,00,00,00,00,00,00,00,00,00,00,00,00,00,00,00,00,00,00,00,00,00,00,00,00,00,00,00,00,78,46,00,01,00,00,05,00,00,00,00,00,00,00,00,00,02,04,1E,C1,F6,20,1C,00,00,00,00,00,3C,00,00,00,00,00,00,00,00,00,64,00,00,00,00,57,00,00,51,00,05,00,3C,00,1E,00,46,00,28,00,00,00,00,00,00,00,00,00,08,08,18,00,00,00,00,00,00,00,00,00,00,00,00,00,00,00,00,00,00,00,68,01,00,00,00,00,00,00,00,00,5A,00,00,00,00,00,00,00,00,00,00,00,00,00,FF,C1,00,00,86,00,EA,FF,4C,FF,24,FF,56,FF,2E,00,00,00,00,00,00,00,00,00,08,08,08,00,00,00,00,00,00,00,00,00,00,00,00,00,00,00,00,00,00,00,00,00,00,00,00,00,00,00,00,00,00,00,01,00
2026-07-23 20:30:06,3D,00,36,01,1D,0C,62,0F,00,FF,FF,00,00,00,00,FF,B5,00,00,00,00,00,00,FF,A0,00,00,00,00,00,00,00,00,00,00,00,00,00,00,00,00,00,00,00,00,00,00,00,00,00,00,00,00,00,00,00,78,46,00,02,00,00,05,00,00,00,00,00,00,00,00,00,02,04,1E,69,F4,20,1C,00,00,00,00,00,28,00,58,02,00,00,00,00,00,00,64,00,00,00,00,3D,00,FF,9A,00,05,00,3C,00,1E,00,46,00,28,00,00,00,00,00,00,00,00,00,08,08,18,00,00,00,00,00,00,00,00,00,00,00,00,00,00,00,00,00,00,00,68,01,00,00,00,00,00,00,00,00,5A,00,00,00,00,00,00,00,00,00,00,00,00,00,FF,48,00,FE,C1,00,EA,FF,4C,FF,24,FF,56,FF,2E,00,00,00,00,00,00,00,00,00,08,08,08,00,00,00,00,00,00,00,00,00,00,00,00,00,00,00,00,00,00,00,00,00,00,00,00,00,00,00,00,00,00,00,01,00
2026-07-23 20:40:06,3D,00,36,01,1D,0C,62,0F,00,FF,FF,00,00,00,00,FF,8A,00,00,00,00,00,00,FF,BB,00,00,00,00,00,00,00,00,00,00,00,00,00,00,00,00,00,00,00,00,00,00,00,00,00,00,00,00,00,00,00,00,00,00,00,00,00,00,00,00,00,00,00,00,00,00,00,00,06,1E,11,F2,20,1C,00,00,00,00,00,00,00,3A,07,00,00,00,00,00,00,64,00,00,00,00,3A,00,00,17,00,05,00,3C,00,1E,00,46,00,28,00,00,00,00,00,00,00,00,00,08,08,18,00,00,00,00,00,00,00,00,00,00,00,00,00,00,00,00,00,00,00,68,01,00,00,00,00,00,00,00,00,00,00,00,00,00,00,00,00,00,00,00,00,00,00,FF,21,00,FF,31,00,EA,FF,4C,FF,24,FF,56,FF,2E,00,00,00,00,00,00,00,00,00,08,08,08,00,00,00,00,00,00,00,00,00,00,00,00,00,00,00,00,00,00,00,00,00,00,00,00,00,00,00,00,00,00,00,01,00
2026-07-23 20:50:07,3D,00,36,01,1D,0C,62,0F,00,FF,FF,00,00,00,00,FF,77,00,00,00,00,00,00,FF,CF,00,00,00,00,00,00,00,00,00,00,00,00,00,00,00,00,00,00,00,00,00,00,00,00,00,00,00,00,00,00,00,00,00,00,00,00,00,00,00,00,00,00,00,00,00,00,00,00,04,1E,B8,EF,20,1C,00,00,00,00,00,00,00,00,00,00,00,00,00,00,00,64,00,00,00,00,3E,00,00,3A,00,05,00,3C,00,1E,00,46,00,28,00,00,00,00,00,00,00,00,00,08,08,18,00,00,00,00,00,00,00,00,00,00,00,00,00,00,00,00,00,00,00,68,01,00,00,00,00,00,00,00,00,00,00,00,00,00,00,00,00,00,00,00,00,00,00,FF,36,00,FF,47,00,EA,FF,4C,FF,24,FF,56,FF,2E,00,00,00,00,00,00,00,00,00,08,08,08,00,00,00,00,00,00,00,00,00,00,00,00,00,00,00,00,00,00,00,00,00,00,00,00,00,00,00,00,00,00,00,01,00
2026-07-23 21:00:06,3D,00,36,01,1D,0C,62,0E,00,FF,FF,00,00,00,00,FF,76,00,00,00,00,00,00,FF,D5,00,00,00,00,00,00,00,00,00,00,00,00,00,00,00,00,00,00,00,00,00,00,00,00,00,00,00,00,00,00,00,00,00,00,00,00,00,00,00,00,00,00,00,00,00,00,00,00,04,1E,61,ED,20,1C,00,00,00,00,00,00,00,58,02,00,00,00,00,00,00,64,00,00,00,00,42,00,00,41,00,05,00,3C,00,1E,00,46,00,28,00,00,00,00,00,00,00,00,00,08,08,18,00,00,00,00,00,00,00,00,00,00,00,00,00,00,00,00,00,00,00,68,01,00,00,00,00,00,00,00,00,00,00,00,00,00,00,00,00,00,00,00,00,00,00,FF,49,00,FF,5B,00,EA,FF,4C,FF,24,FF,56,FF,2E,00,00,00,00,00,00,00,00,00,08,08,08,00,00,00,00,00,00,00,00,00,00,00,00,00,00,00,00,00,00,00,00,00,00,00,00,00,00,00,00,00,00,00,01,00
2026-07-23 21:10:06,3D,00,36,01,1D,0C,62,0E,00,FF,FF,00,00,00,00,FF,6E,00,00,00,00,00,00,FF,BB,00,00,00,00,00,00,00,00,00,00,00,00,00,00,00,00,00,00,00,00,00,00,00,00,00,00,00,00,00,00,00,00,00,00,00,00,00,00,00,00,00,00,00,00,00,00,00,00,00,1F,FF,FF,20,1C,00,00,00,00,00,00,00,3A,07,00,00,00,00,00,00,64,00,00,00,00,47,00,FF,FB,00,05,00,3C,00,1E,00,46,00,28,00,00,00,00,00,00,00,00,00,08,08,18,00,00,00,00,00,00,00,00,00,00,00,00,00,00,00,00,00,00,00,68,01,00,00,00,00,00,00,00,00,00,00,00,00,00,00,00,00,00,00,00,00,00,00,FF,37,00,FF,22,00,EA,FF,4C,FF,24,FF,56,FF,2E,00,00,00,00,00,00,00,00,00,08,08,08,00,00,00,00,00,00,00,00,00,00,00,00,00,00,00,00,00,00,00,00,00,00,00,00,00,00,00,00,00,00,00,01,00
2026-07-23 21:20:06,3D,00,36,01,1D,0C,62,0E,00,FF,FF,00,00,00,00,FF,78,00,00,00,00,00,00,FF,99,00,00,00,00,00,00,00,00,00,00,00,00,00,00,00,00,00,00,00,00,00,00,00,00,00,00,00,00,00,00,00,00,00,00,00,00,00,00,00,00,00,00,00,00,00,00,00,00,04,1F,C9,FD,20,1C,00,00,00,00,00,00,00,00,00,00,00,00,00,00,00,64,00,00,00,00,4D,00,FF,9A,00,05,00,3C,00,1E,00,46,00,28,00,00,00,00,00,00,00,00,00,18,08,18,00,00,00,00,00,00,00,00,00,00,00,00,00,00,00,00,00,00,00,68,01,00,00,00,00,00,00,00,00,00,00,00,00,00,00,00,00,00,00,00,00,00,00,FF,22,00,FE,CB,00,EA,FF,4C,FF,24,FF,56,FF,2E,00,00,00,00,00,00,00,00,00,08,08,08,00,00,00,00,00,00,00,00,00,00,00,00,00,00,00,00,00,00,00,00,00,00,00,00,00,00,00,00,00,00,00,01,00
2026-07-23 21:30:06,3D,00,36,01,1D,0C,62,0E,00,FF,FF,00,00,00,00,FF,68,00,00,00,00,00,00,FF,C5,00,00,00,00,00,00,00,00,00,00,00,00,00,00,00,00,00,00,00,00,00,00,00,00,00,00,00,00,00,00,00,00,00,00,00,00,00,00,00,00,00,00,00,00,00,00,00,00,04,1F,71,FB,20,1C,00,00,00,00,00,00,00,58,02,00,00,00,00,00,00,64,00,00,00,00,50,00,00,3F,00,05,00,3C,00,1E,00,46,00,28,00,00,00,00,00,00,00,00,00,18,08,18,00,00,00,00,00,00,00,00,00,00,00,00,00,00,00,00,00,00,00,68,01,00,00,00,00,00,00,00,00,00,00,00,00,00,00,00,00,00,00,00,00,00,00,FF,29,00,FF,3A,00,EA,FF,4C,FF,24,FF,56,FF,2E,00,00,00,00,00,00,00,00,00,08,08,08,00,00,00,00,00,00,00,00,00,00,00,00,00,00,00,00,00,00,00,00,00,00,00,00,00,00,00,00,00,00,00,01,00
2026-07-23 21:40:06,3D,00,36,01,1D,0C,62,0E,00,FF,FF,00,00,00,00,FF,68,00,00,00,00,00,00,FF,D1,00,00,00,00,00,00,00,00,00,00,00,00,00,00,00,00,00,00,00,00,00,00,00,00,00,00,00,00,00,00,00,00,00,00,00,00,00,00,00,00,00,00,00,00,00,00,00,00,04,1F,19,F9,20,1C,00,00,00,00,00,00,00,3A,07,00,00,00,00,00,00,64,00,00,00,00,54,00,00,50,00,05,00,3C,00,1E,00,46,00,28,00,00,00,00,00,00,00,00,00,08,08,18,00,00,00,00,00,00,00,00,00,00,00,00,00,00,00,00,00,00,00,68,01,00,00,00,00,00,00,00,00,00,00,00,00,00,00,00,00,00,00,00,00,00,00,FF,3C,00,FF,4D,00,EA,FF,4C,FF,24,FF,56,FF,2E,00,00,00,00,00,00,00,00,00,08,08,08,00,00,00,00,00,00,00,00,00,00,00,00,00,00,00,00,00,00,00,00,00,00,00,00,00,00,00,00,00,00,00,01,00
2026-07-23 21:50:06,3D,00,36,01,1D,0C,62,0E,00,FF,FF,00,00,00,00,FF,6E,00,00,00,00,00,00,FF,C3,00,00,00,00,00,00,00,00,00,00,00,00,00,00,00,00,00,00,00,00,00,00,00,00,00,00,00,00,00,00,00,37,46,00,02,00,00,05,00,00,00,00,00,00,00,00,00,00,04,1F,C1,F6,20,1C,00,00,00,00,00,28,00,00,00,00,00,00,00,00,00,64,00,00,00,00,4F,00,FC,19,01,05,00,3C,00,1E,00,46,00,28,00,00,00,00,00,00,00,00,00,08,08,18,00,00,00,00,00,00,00,00,00,00,00,00,00,00,00,00,00,00,00,68,01,00,00,00,00,00,00,00,00,4B,00,00,00,00,00,00,00,00,00,00,00,00,00,FF,41,00,FE,E5,00,EA,FF,4C,FF,24,FF,56,FF,2E,00,00,00,00,00,00,00,00,00,08,08,18,00,00,00,00,00,00,00,00,00,00,00,00,00,00,00,00,00,00,00,00,00,00,00,00,00,00,00,00,00,00,00,01,00
2026-07-23 22:00:06,3D,00,36,01,1D,0C,62,0E,00,FF,FF,00,00,00,00,FF,63,00,00,00,00,00,00,FF,C7,00,00,00,00,01,00,00,00,00,00,00,00,00,00,00,00,00,00,00,00,00,00,00,00,00,00,00,00,00,00,00,00,00,00,00,00,00,00,00,00,00,00,00,00,00,00,00,00,04,1F,69,F4,20,1C,00,00,00,00,00,00,00,58,02,00,00,00,00,00,00,64,00,00,00,00,48,00,00,2C,00,05,00,3C,00,1E,00,46,00,28,00,00,00,00,00,00,00,00,00,08,08,18,00,00,00,00,00,00,00,00,00,00,00,00,00,00,00,00,00,00,00,68,01,00,00,00,00,00,00,00,00,00,00,00,00,00,00,00,00,00,00,00,00,00,00,FF,23,00,FF,34,00,EA,FF,4C,FF,24,FF,56,FF,2E,00,00,00,00,00,00,00,00,00,08,08,08,00,00,00,00,00,00,00,00,00,00,00,00,00,00,00,00,00,00,00,00,00,00,00,00,00,00,00,00,00,00,00,03,00
2026-07-23 22:10:06,3D,00,36,01,1D,0C,62,0E,00,FF,FF,00,00,00,00,FF,61,00,00,00,00,00,00,FF,D3,00,00,00,00,01,00,00,00,00,00,00,00,00,00,00,00,00,00,00,00,00,00,00,00,00,00,00,00,00,00,00,00,00,00,00,00,00,00,00,00,00,00,00,00,00,00,00,00,04,1F,11,F2,20,1C,00,00,00,00,00,00,00,3A,07,00,00,00,00,00,00,64,00,00,00,00,4C,00,00,48,00,05,00,3C,00,1E,00,46,00,28,00,00,00,00,00,00,00,00,00,08,08,18,00,00,00,00,00,00,00,00,00,00,00,00,00,00,00,00,00,00,00,68,01,00,00,00,00,00,00,00,00,00,00,00,00,00,00,00,00,00,00,00,00,00,00,FF,36,00,FF,47,00,EA,FF,4C,FF,24,FF,56,FF,2E,00,00,00,00,00,00,00,00,00,08,08,08,00,00,00,00,00,00,00,00,00,00,00,00,00,00,00,00,00,00,00,00,00,00,00,00,00,00,00,00,00,00,00,01,00
2026-07-23 22:20:06,3D,00,36,01,1D,0C,62,0E,00,FF,FF,00,00,00,00,FF,6A,00,00,00,00,00,00,FF,D6,00,00,00,00,01,00,00,00,00,00,00,00,00,00,00,00,00,00,00,00,00,00,00,00,00,00,00,00,00,00,00,00,00,00,00,00,00,00,00,00,00,00,00,00,00,00,00,00,04,1F,B9,EF,20,1C,00,00,00,00,00,00,00,00,00,00,00,00,00,00,00,64,00,00,00,00,4F,00,00,4E,00,05,00,3C,00,1E,00,46,00,28,00,00,00,00,00,00,00,00,00,08,08,18,00,00,00,00,00,00,00,00,00,00,00,00,00,00,00,00,00,00,00,68,01,00,00,00,00,00,00,00,00,00,00,00,00,00,00,00,00,00,00,00,00,00,00,FF,4B,00,FF,5C,00,EA,FF,4C,FF,24,FF,56,FF,2E,00,00,00,00,00,00,00,00,00,08,08,08,00,00,00,00,00,00,00,00,00,00,00,00,00,00,00,00,00,00,00,00,00,00,00,00,00,00,00,00,00,00,00,01,00
2026-07-23 22:30:06,3D,00,36,01,1D,0C,62,0E,00,FF,FF,00,00,00,00,FF,66,00,00,00,00,00,00,FF,BD,00,00,00,00,00,00,00,00,00,00,00,00,00,00,00,00,00,00,00,00,00,00,00,00,00,00,00,00,00,00,00,00,00,00,00,00,00,00,00,00,00,00,00,00,00,00,00,00,04,1F,61,ED,20,1C,00,00,00,00,00,00,00,58,02,00,00,00,00,00,00,64,00,00,00,00,44,00,00,0C,00,05,00,3C,00,1E,00,46,00,28,00,00,00,00,00,00,00,00,00,08,08,18,00,00,00,00,00,00,00,00,00,00,00,00,00,00,00,00,00,00,00,68,01,00,00,00,00,00,00,00,00,00,00,00,00,01,00,00,00,00,00,00,00,00,00,FF,1E,00,FF,26,00,EA,FF,4C,FF,24,FF,56,FF,2E,00,00,00,00,00,00,00,00,00,18,08,08,00,00,00,00,00,00,00,00,00,00,00,00,00,00,00,00,00,00,00,00,00,00,00,00,00,00,00,00,00,00,00,01,00
2026-07-23 22:40:06,3D,00,36,01,1D,0C,62,0F,00,FF,FF,00,00,00,00,FF,60,00,00,00,00,00,00,FF,D0,00,00,00,00,00,00,00,00,00,00,00,00,00,00,00,00,00,00,00,00,00,00,00,00,00,00,00,00,00,00,00,00,00,00,00,00,00,00,00,00,00,00,00,00,00,00,00,01,00,20,FF,FF,20,1C,00,00,00,00,00,00,00,3A,07,00,00,00,00,00,00,64,00,00,00,00,53,00,00,42,00,05,00,3C,00,1E,00,46,00,28,00,00,00,00,00,00,00,00,00,08,08,18,00,00,00,00,00,00,00,00,00,00,00,00,00,00,00,00,00,00,00,68,01,00,00,00,00,00,00,00,00,00,00,00,00,00,00,00,00,00,00,00,00,00,00,FF,4A,00,FF,42,00,EA,FF,4C,FF,24,FF,56,FF,2E,00,00,00,00,00,00,00,00,00,08,08,08,00,00,00,00,00,00,00,00,00,00,00,00,00,00,00,00,00,00,00,00,00,00,00,00,00,00,00,00,00,00,00,01,00
2026-07-23 22:50:06,3D,00,36,01,1D,0C,62,0F,00,FF,FF,00,00,00,00,FF,76,00,00,00,00,00,00,FF,9E,00,00,00,00,00,00,00,00,00,00,00,00,00,00,00,00,00,00,00,00,00,00,00,00,00,00,00,00,00,00,00,37,46,00,02,00,00,05,00,00,00,00,00,00,00,00,00,01,04,20,C9,FD,20,1C,00,00,00,00,00,28,00,00,00,00,00,00,00,00,00,64,00,00,00,00,4F,00,FF,99,00,05,00,3C,00,1E,00,46,00,28,00,00,00,00,00,00,00,00,00,08,08,18,00,00,00,00,00,00,00,00,00,00,00,00,00,00,00,00,00,00,00,68,01,00,00,00,00,00,00,00,00,4B,00,00,00,00,00,00,00,00,00,00,00,00,00,FF,29,00,FE,C1,00,EA,FF,4C,FF,24,FF,56,FF,2E,00,00,00,00,00,00,00,00,00,08,08,08,00,00,00,00,00,00,00,00,00,00,00,00,00,00,00,00,00,00,00,00,00,00,00,00,00,00,00,00,00,00,00,01,00
2026-07-23 23:00:06,3D,00,36,01,1D,0C,62,0F,00,FF,FF,00,00,00,00,FF,66,00,00,00,00,00,00,FF,C4,00,00,00,00,00,00,00,00,00,00,00,00,00,00,00,00,00,00,00,00,00,00,00,00,00,00,00,00,00,00,00,00,00,00,00,00,00,0C,00,00,00,00,00,00,00,00,00,00,04,20,71,FB,20,1C,00,00,00,00,00,00,00,58,02,00,01,00,00,00,00,64,00,00,00,00,51,00,00,3B,00,05,00,3C,00,1E,00,46,00,28,00,00,00,00,00,00,00,00,00,08,18,18,00,00,00,00,00,00,00,00,00,00,00,00,00,00,00,00,00,00,00,68,01,00,00,00,00,00,00,00,00,00,00,00,00,00,01,00,00,00,00,00,00,00,00,FF,29,00,FF,41,00,EA,FF,4C,FF,24,FF,56,FF,2E,00,00,00,00,00,00,00,00,00,08,18,08,00,00,00,00,00,00,00,00,00,00,00,00,00,00,00,00,00,00,00,00,00,00,00,00,00,00,00,00,00,00,00,01,00
2026-07-23 23:10:06,3D,00,36,01,1D,0C,62,0F,00,FF,FF,00,00,00,00,FF,84,00,00,00,00,00,00,FF,D1,00,00,00,00,00,00,00,00,00,00,00,00,00,00,00,00,00,00,00,00,00,00,00,00,00,00,00,00,00,00,00,00,00,00,00,00,00,0C,00,00,00,00,00,00,00,00,00,00,04,20,19,F9,20,1C,00,00,00,00,00,00,00,3A,07,00,01,00,00,00,00,64,00,00,00,00,54,00,00,50,00,05,00,3C,00,1E,00,46,00,28,00,00,00,00,00,00,00,00,00,08,18,18,00,00,00,00,00,00,00,00,00,00,00,00,00,00,00,00,00,00,00,68,01,00,00,00,00,00,00,00,00,00,00,00,00,00,01,00,00,00,00,00,00,00,00,FF,9C,00,00,8A,00,EA,FF,4C,FF,24,FF,56,FF,2E,00,00,00,00,00,00,00,00,00,08,18,08,00,00,00,00,00,00,00,00,00,00,00,00,00,00,00,00,00,00,00,00,00,00,00,00,00,00,00,00,00,00,00,01,00
2026-07-23 23:20:07,3D,00,36,01,1D,0C,62,0F,00,FF,FF,00,00,00,00,FF,AF,00,00,00,00,00,00,FF,D6,00,00,00,00,00,00,00,00,00,00,00,00,00,00,00,00,00,00,00,00,00,00,00,00,00,00,00,00,00,00,00,78,46,00,01,00,00,05,00,00,00,00,00,00,00,00,00,02,04,20,C0,F6,20,1C,00,00,00,00,00,3C,00,00,00,00,00,00,00,00,00,64,00,00,00,00,58,00,00,50,00,05,00,3C,00,1E,00,46,00,28,00,00,00,00,00,00,00,00,00,08,08,18,00,00,00,00,00,00,00,00,00,00,00,00,00,00,00,00,00,00,00,68,01,00,00,00,00,00,00,00,00,5A,00,00,00,00,00,00,00,00,00,00,00,00,00,FF,C1,00,00,82,00,EA,FF,4C,FF,24,FF,56,FF,2E,00,00,00,00,00,00,00,00,00,08,08,08,00,00,00,00,00,00,00,00,00,00,00,00,00,00,00,00,00,00,00,00,00,00,00,00,00,00,00,00,00,00,00,01,00
2026-07-23 23:30:06,3D,00,36,01,1D,0C,62,0F,00,FF,FF,00,00,00,00,FF,B5,00,00,00,00,00,00,FF,A0,00,00,00,00,00,00,00,00,00,00,00,00,00,00,00,00,00,00,00,00,00,00,00,00,00,00,00,00,00,00,00,78,46,00,02,00,00,05,00,00,00,00,00,00,00,00,00,02,04,20,69,F4,20,1C,00,00,00,00,00,28,00,58,02,00,00,00,00,00,00,64,00,00,00,00,3D,00,FF,9A,00,05,00,3C,00,1E,00,46,00,28,00,00,00,00,00,00,00,00,00,08,08,18,00,00,00,00,00,00,00,00,00,00,00,00,00,00,00,00,00,00,00,68,01,00,00,00,00,00,00,00,00,5A,00,00,00,00,00,00,00,00,00,00,00,00,00,FF,49,00,FE,C1,00,EA,FF,4C,FF,24,FF,56,FF,2E,00,00,00,00,00,00,00,00,00,08,08,08,00,00,00,00,00,00,00,00,00,00,00,00,00,00,00,00,00,00,00,00,00,00,00,00,00,00,00,00,00,00,00,01,00
2026-07-23 23:40:06,3D,00,36,01,1D,0C,62,0F,00,FF,FF,00,00,00,00,FF,8A,00,00,00,00,00,00,FF,BA,00,00,00,00,00,00,00,00,00,00,00,00,00,00,00,00,00,00,00,00,00,00,00,00,00,00,00,00,00,00,00,00,00,00,00,00,00,00,00,00,00,00,00,00,00,00,00,00,06,20,11,F2,20,1C,00,00,00,00,00,00,00,3A,07,00,00,00,00,00,00,64,00,00,00,00,3A,00,00,16,00,05,00,3C,00,1E,00,46,00,28,00,00,00,00,00,00,00,00,00,08,08,18,00,00,00,00,00,00,00,00,00,00,00,00,00,00,00,00,00,00,00,68,01,00,00,00,00,00,00,00,00,00,00,00,00,00,00,00,00,00,00,00,00,00,00,FF,22,00,FF,32,00,EA,FF,4C,FF,24,FF,56,FF,2E,00,00,00,00,00,00,00,00,00,08,08,08,00,00,00,00,00,00,00,00,00,00,00,00,00,00,00,00,00,00,00,00,00,00,00,00,00,00,00,00,00,00,00,01,00
2026-07-23 23:50:06,3D,00,36,01,1D,0C,62,0F,00,FF,FF,00,00,00,00,FF,76,00,00,00,00,00,00,FF,CF,00,00,00,00,00,00,00,00,00,00,00,00,00,00,00,00,00,00,00,00,00,00,00,00,00,00,00,00,00,00,00,00,00,00,00,00,00,00,00,00,00,00,00,00,00,00,00,00,04,20,B9,EF,20,1C,00,00,00,00,00,00,00,00,00,00,00,00,00,00,00,64,00,00,00,00,3F,00,00,39,00,05,00,3C,00,1E,00,46,00,28,00,00,00,00,00,00,00,00,00,08,08,18,00,00,00,00,00,00,00,00,00,00,00,00,00,00,00,00,00,00,00,68,01,00,00,00,00,00,00,00,00,00,00,00,00,00,00,00,00,00,00,00,00,00,00,FF,36,00,FF,46,00,EA,FF,4C,FF,24,FF,56,FF,2E,00,00,00,00,00,00,00,00,00,08,08,08,00,00,00,00,00,00,00,00,00,00,00,00,00,00,00,00,00,00,00,00,00,00,00,00,00,00,00,00,00,00,00,01,00
2026-07-24 00:00:06,3D,00,36,01,1D,0C,62,0F,00,FF,FF,00,00,00,00,FF,76,00,00,00,00,00,00,FF,CF,00,00,00,00,00,00,00,00,00,00,00,00,00,00,00,00,00,00,00,00,00,00,00,00,00,00,00,00,00,00,00,00,00,00,00,00,00,00,00,00,00,00,00,00,00,00,00,00,04,20,B9,EF,20,1C,00,00,00,00,00,00,00,00,00,00,00,00,00,00,00,64,00,00,00,00,3F,00,00,39,00,05,00,3C,00,1E,00,46,00,28,00,00,00,00,00,00,00
